company,effective_date,location,number_of_workers,2020
OEMMCCO Inc.,03/31/2020,"Kenosha, WI",49,2020
Semco Windows and Doors,12/31/2019,"Merrill, WI",141,2020
Eastek Automated Circuit,03/31/2020,"Menomonee Falls, WI",36,2020
FPM Heat Treating,04/01/2020,"Milwaukee, WI",27,2020
Marquis Yachts,03/01/2020,"Pulaski, WI",344,2020
US Bank,04/06/2020,"Milwaukee, WI",62,2020
Compass Group,03/31/2020,"Neenah, WI",30,2020
"IDEXX Distribution, Inc.",05/01/2020,"Marshfield, WI",38,2020
"IDEXX Distribution, Inc.",05/01/2020,"Waukesha, WI",13,2020
Riddell Sports Group Inc.,04/10/2020,"Sun Prairie, WI",109,2020
Bear Down Logistics Central,04/13/2020,"Sussex, WI",95,2020
Black Horse Carriers Inc.,02/24/2020,"Pewaukee, WI",68,2020
Cascio Music Co. Inc.,04/20/2020,"New Berlin, WI",71,2020
Knueppel Healthcare Services Inc.,04/30/2020,"West Allis, WI",44,2020
"Everbrite, LLC",04/27/2020,"Milwaukee, WI",116,2020
Hutchinson Technology Inc.,05/16/2020,"Eau Claire, WI",112,2020
Punch Bowl Social,03/16/2020,"Milwaukee, WI",91,2020
"Sub-Zero Group, Inc.",03/22/2020,"Fitchburg, WI",1043,2020
Tower Clock Eye Center,05/18/2020,"Green Bay, Manitowoc, Oconto, Shawano, WI",75,2020
Holiday Inn Convention Center Stevens Point,03/21/2020,"Stevens Point, WI",143,2020
Visual Impressions Inc,03/20/2020,"Milwaukee, WI",41,2020
"Big Dot of Happiness, LLC",03/18/2020,"Menomonie, WI",57,2020
Stroh Die Cast LLC,05/16/2020,"Mauston, WI",71,2020
Wisconsin Central School Bus,03/16/2020,"Milwaukee, WI",90,2020
Wisconsin Central School Bus,03/16/2020,"New Richmond, WI",48,2020
Clearwing Production Inc.,03/16/2020,"Milwaukee, WI",25,2020
Hyatt Regency Milwaukee,03/16/2020,"Milwaukee, WI",112,2020
Mickeys Linen and Towel Supply Inc,03/18/2020,"Milwaukee, WI",48,2020
Black Shoe Hospitality,03/16/2020,"Milwaukee, WI",155,2020
Eddie Martini's Enterprises,03/17/2020,"Wauwatosa, WI",30,2020
Park Hotel Inc.,03/22/2020,"Madison, WI",120,2020
HMS Host Corporation,03/20/2020,"Milwaukee, WI",120,2020
Holiday Inn & Suites Wausau Rothschild,03/24/2020,"Rothschild, WI",60,2020
The Edgewater Management Company,03/18/2020,"Madison, WI",202,2020
Hospitality Democracy LLC,03/16/2020,"Milwaukee, WI",234,2020
Kettle Moraine YMCA,03/17/2020,"West Bend, Port Washington, WI",700,2020
Take 5 Oil Change,03/22/2020,"Baraboo, Bellevue, Brookfield, Brown Deer, Cedarburg, Crivitz, De Pere, Fitchburg, Glendale, Green Bay, Hales Corner, Hartford, Kenosha, Merrill, Milwaukee, Mukwonago, New Berlin, New London, Oak Creek, Racine, Reedsburg, Sheboygan, Sun Prairie, Waukesha, Wauwatosa, West Allis, Wisconsin Rapids, WI",140,2020
Schroeder Moving Systems,03/30/2020,"New Berlin, WI",29,2020
MicroStar Quality Services,03/27/2020,"Green Bay, WI",44,2020
Altitude Trampoline Park,03/17/2020,"Appleton, WI",67,2020
Great Lakes Services LLC,04/03/2020,"Madison, WI",24,2020
Great Lakes Services LLC,04/02/2020,"Madison, WI",69,2020
The Coopers Tavern,03/17/2020,"Madison, WI",70,2020
Hubbard Avenue Diner,03/17/2020,"Middleton, WI",65,2020
Cento Restaurant LLC,03/17/2020,"Madison, WI",78,2020
Everly and Miko Poke,03/17/2020,"Madison, WI",68,2020
Fresco Restaurant,03/17/2020,"Madison, WI",43,2020
Catering A Fresco,03/17/2020,"Madison, WI",68,2020
Tex Tubb's Taco Place,03/17/2020,"Madison, WI",43,2020
Johnny Delomonico's,03/17/2020,"Madison, WI",34,2020
Discovery Culinary Collaborative LLC,03/17/2020,"Madison, WI",55,2020
Avenue Club,03/17/2020,"Madison, WI",49,2020
Eldorado Grill,03/17/2020,"Madison, WI",47,2020
Luigi's Pizzeria,03/17/2020,"Madison, WI",34,2020
DLUX,03/17/2020,"Madison, WI",49,2020
Canteen,03/17/2020,"Madison, WI",42,2020
Bar Corallini,03/17/2020,"Madison, WI",27,2020
Monty's Blue Plate Diner,03/17/2020,"Madison, WI",54,2020
Market Street Diner,03/17/2020,"Sun Prairie, WI",45,2020
Craftsman Table and Tap,03/17/2020,"Middleton, WI",49,2020
Bassett Street Brunch Club,03/17/2020,"Madison, WI",62,2020
Spectra Food Services and Hospitality,03/26/2020,"Green Bay, WI",49,2020
Paper Source,03/29/2020,"Brookfield, WI",9,2020
Paper Source,03/29/2020,"Glendale, WI",9,2020
Paper Source,03/29/2020,"Madison, WI",13,2020
Great Lakes Services,03/16/2020,"Baraboo, WI",247,2020
"Schulte Hospitality Group, Inc.",03/16/2020,"Milwaukee, WI",30,2020
Collegiate Hotel Group,03/16/2020,"Madison, WI",63,2020
"Schwaab, Inc.",03/24/2020,"Brookfield, WI",42,2020
Rexnord Industries LLC,06/05/2020,"Grafton, WI",140,2020
"Stateline Boys and Girls Clubs, Inc",03/30/2020,"Beloit, WI",28,2020
Reynolds Machine Company,03/24/2020,"New Berlin, WI",36,2020
Data Dimensions  ,05/29/2020,"Janesville, WI",260,2020
Stateline Family YMCA,03/16/2020,"Beloit, WI",200,2020
"SSA Group, LLC  ",03/29/2020,"Milwaukee, WI",319,2020
Delavan Lake Resort,03/16/2020,"Delavan, WI",11,2020
Lake Lawn Resort,03/16/2020,"Delevan, WI",305,2020
YMCA of the Northwoods,03/17/2020,"Rhinelander, WI",109,2020
Cinemark USA Inc.,03/26/2020,"Kenosha, WI",51,2020
California Pizza Kitchen,03/22/2020,"Glendale, WI",36,2020
FeraDyne Outdoors,03/25/2020,"Superior, WI",226,2020
Stevens Point YMCA,03/18/2020,"Stevens Point, WI",324,2020
AJLS Enterprises Inc.,04/03/2020,"Madison, WI",56,2020
PlayMonster LLC,04/06/2020,"Beloit, WI",31,2020
Bartaco,03/21/2020,"Madison, WI",67,2020
"Chandler Exhibits, Inc.",03/25/2020,"Hudson, WI",34,2020
Bernick's,04/01/2020,"Dresser, Superior, WI",25,2020
Caleres Inc,03/20/2020,"Port Washington, WI",213,2020
Caleres/Woodlore Manufacturing,03/20/2020,"Port Washington, WI",28,2020
Gray & Associates,04/03/2020,"New Berlin, WI",28,2020
La Crosse Area Family YMCA  ,03/18/2020,"La Crosse, Onalaska, WI",562,2020
eImprovement LLC,04/30/2020,"Pleasant Prairie, WI",60,2020
PC/Nametag Inc.,04/06/2020,"Verona, WI",46,2020
Spectra Food Services and Hospitality,03/26/2020,"Baraboo, WI",172,2020
Chapter 2 Inc.,04/03/2020,"Lake Mills, WI",26,2020
"Van's Supply & Equipment, Inc.",03/29/2020,"Green Bay, WI",37,2020
YMCA of Greater Waukesha County,03/17/2020,"Waukesha, Menomonee Falls, Greenfield, Wauwatosa, New Berlin, Mukwonago, WI",1100,2020
YMCA of Dodge County,03/16/2020,"Beaver Dam, WI",89,2020
Uncle Julio's,03/19/2020,"Brookfield, WI",93,2020
Woodson YMCA,03/17/2020,"Wausau, WI",300,2020
Geneva Lakes Family YMCA,03/17/2020,"Lake Geneva, WI",117,2020
"Hobby Lobby Stores, Inc.",03/25/2020,"Appleton, Brookfield, Eau Claire, Franklin, Green Bay, Janesville, Kenosha, Madison, Manitowoc, Menomonee Falls, Monona, Onalaska, Oshkosh, Racine, Rhinelander, Rice Lake, Waukesha, Wausau, Wauwatosa, West Allis, West Bend, WI",639,2020
Greater Green Bay YMCA,03/15/2020,"Green Bay, Brussels, Suring, WI",829,2020
Manitowoc-Two Rivers YMCA,04/06/2020,"Manitowoc, WI",219,2020
Advanced Pain Management,05/01/2020,"Greenfield, WI",50,2020
Pace Industries,03/20/2020,"Grafton, WI",381,2020
YMCA of the Chippewa Valley,03/19/2020,"Chippewa Falls, Eau Claire, New Auburn, WI",557,2020
Abercrombie & Fitch,04/12/2020,"Appleton, La Crosse, Wauwatosa, WI",123,2020
Prospect International Airport Services Corp.,04/22/2020,"Milwaukee, WI",48,2020
Tetra PAK Processing Equipment Inc.,07/03/2020,"Windsor, WI",39,2020
Meetings and Incentives Worldwide Inc,03/05/2020,"Caledonia, WI",15,2020
Server Products Inc,03/30/2020,"Richfield, WI",53,2020
American Greetings,03/23/2020,"Statewide, WI",153,2020
Glacial Community YMCA,03/16/2020,"Oconomowoc, Watertown, WI",542,2020
Patientpop,03/27/2020,"Menasha, WI",1,2020
"Hooters of America, LLC",03/16/2020,"Madison, Brookfield, WI",61,2020
Scholastic,03/18/2020,"Milwaukee, WI",53,2020
Safran Aerosystems Services Americas LLC,04/14/2020,"Menomonee Falls, WI",29,2020
Nordstrom Inc.,04/05/2020,"Madison, Wauwatosa, WI",218,2020
YMCA of Northern Rock County,03/27/2020,"Janesville, Milton, WI",142,2020
"Bars & Recreation, Inc.",03/30/2020,"Milwaukeee, WI",38,2020
LSC Communications,04/20/2020,"Baraboo, WI",393,2020
Ashley Furniture Industries Inc.,04/16/2020,"Whitehall, WI",70,2020
Milwaukee Center for Independence,04/30/2020,"Milwaukee, WI",128,2020
The Finish Line,04/12/2020,"Green Bay, Greendale, Janesville, Johnson Creek, Madison, Racine, Wauwatosa, WI",131,2020
The Finish Line Macy's,04/02/2020,"Wauwatosa, WI",3,2020
Baker Manufacturing Company LLC,04/20/2020,"Evansville, WI",49,2020
Goodwill,04/16/2020,"Ashland, Superior, WI",20,2020
YMCA of the Fox Cities,03/16/2020,"Appleton, Greenville, Kimberly, Neenah, WI",1546,2020
Emmi Roth,04/13/2020,"Seymour, WI",32,2020
Great Lakes Specialty Finance Inc.,05/01/2020,"Wautoma, Portage, Delevan, Milwaukee, Sheboygan, Madison, Appleton, Fond du Lac, Beloit, Janesville, West Bend, Green Bay, Eau Claire, Wausau, Marinette, Hudson, Racine, Marshfield, Superior, Shawano, WI",28,2020
Hutchinson Technology Inc.,05/28/2020,"Eau Claire, WI",110,2020
Marquis Yachts,06/26/2020,"Pulaski, WI",117,2020
Van Galder Bus / Coach USA,03/14/2020,"Janesville, WI",258,2020
Hi-Crush Services,03/30/2020,"Whitehall, WI",35,2020
Hi-Crush Services,03/30/2020,"Taylor, WI",32,2020
Bed Bath & Beyond Inc.,04/04/2020,"Brookfield, WI",55,2020
Visionworks,04/05/2020,"Kenosha, Milwaukee, Shorewood, West Allis, Wauwatosa, Greendale, Mequon, West Bend, Brookfield, Waukesha, Oconomowoc, Menomonee Falls, Eau Claire, La Crosse, WI",97,2020
Metals USA Carbon Flat Rolled Inc,04/23/2020,"Horicon, WI",10,2020
Global Finishing Solutions,04/28/2020,"Osseo, WI",94,2020
Smart Sand Inc.,05/01/2020,"Tomah, WI",55,2020
The Hertz Corporation,04/14/2020,"Milwaukee, WI",38,2020
Footlocker.com/Eastbay,04/26/2020,"Wausau, WI",1,2020
Foot Locker,04/26/2020,"Appleton, Brookfield, Glendale, Green Bay, Greendale, La Crosse, Madison, Milwaukee, Racine, Wauwatosa, WI",261,2020
Enterprise Holdings,03/23/2020,"Waukesha, Oak Creek, Milwaukee, WI",260,2020
Sheraton Milwaukee Brookfield Hotel,03/27/2020,"Brookfield, WI",101,2020
Bluegreen Vacations,03/27/2020,"Wisconsin Dells, WI",242,2020
Covia Corp.,05/04/2020,"Tomah, WI",32,2020
Holy Family College,05/06/2020,"Manitowoc, WI",110,2020
Eastbay Retail Store,04/26/2020,"Wausau, WI",21,2020
Badger Mining Corporation,05/14/2020,"Taylor, WI",38,2020
Atrium Hospitality,03/12/2020,"Middleton, WI",125,2020
Foremost Farms USA,07/17/2020,"Chilton, WI",50,2020
"Wigwam Mills, Inc.",06/01/2020,"Sheboygan, WI",121,2020
Documation LLC,06/09/2020,"Eau Claire, WI",28,2020
BRP US,05/27/2020,"Sturtevant, WI",387,2020
Alkar-Rapid Pak Inc.,05/18/2020,"Lodi, WI",25,2020
Renaissance Manufacturing Group,07/31/2020,"Waukesha, WI",120,2020
Union Cab of Madison Cooperative,03/22/2020,"Madison, WI",126,2020
Humane Manufacturing LLC,07/31/2020,"Baraboo, WI",21,2020
PMI Entertainment Group Inc.,07/01/2020,"Green Bay, WI",31,2020
Astec Industries Inc and Telsmith Inc,08/14/2020,"Mequon, WI",135,2020
Verso Corporation,07/31/2020,"Wisconsin Rapids, WI",902,2020
Nova Wildcat Shur-Line LLC,08/14/2020,"St. Francis, WI",93,2020
Derse Inc.,06/11/2020,"Milwaukee, WI",87,2020
Hyatt Corporation,03/22/2020,"Green Bay, WI",42,2020
Catalytic Combustion,06/07/2020,"Bloomer, WI",26,2020
Novares Americas Engine Components Inc,08/17/2020,"Richland Center, WI",74,2020
American Phoenix,06/19/2020,"Eau Claire, WI",46,2020
"Graceland Fruit Wisconsin, Inc.",06/18/2020,"Warrens, WI",65,2020
"Demco, Inc.",08/03/2020,"Madison, Deforest, WI",38,2020
Levy Premium Food Service at Fiserv Forum,08/01/2020,"Milwaukee, WI",47,2020
Levy Premium Food Service at Wisconsin Center District,08/01/2020,"Milwaukee, WI",25,2020
ALG Vacations,07/01/2020,"Milwaukee, WI",149,2020
Hilton Madison Monona Terrace,07/31/2020,"Madison, WI",40,2020
Hilton Milwaukee City Center,07/31/2020,"Milwaukee, WI",211,2020
The Pfister Hotel,07/31/2020,"Milwaukee, WI",89,2020
Saint Kate - The Arts Hotel,07/31/2020,"Milwaukee, WI",42,2020
SafeHouse Milwaukee,07/31/2020,"Milwaukee, WI",1,2020
Wisconsin Hospitality Linen Service,07/31/2020,"Milwaukee, WI",1,2020
Marcus Hotels,07/31/2020,"Milwaukee, WI",13,2020
Grand Geneva Resort & Spa,07/31/2020,"Lake Geneva, WI",23,2020
Timber Ridge Lodge & Waterpark,07/31/2020,"Lake Geneva, WI",5,2020
Briggs & Stratton,08/28/2020,"Wauwatosa, WI",228,2020
Adecco USA Inc.,08/28/2020,"Wauwatosa, WI",120,2020
GE Healthcare,08/31/2020,"Wauwatosa, WI",123,2020
Kimpton Journeyman Hotel,03/15/2020,"Milwaukee, WI",97,2020
Hilton Garden Inn - Milwaukee Airport,06/30/2020,"Milwaukee, WI",48,2020
Home2 Suites,06/30/2020,"Milwaukee, WI",16,2020
SpringHill Suites,06/30/2020,"Madison, WI",37,2020
Hampton Inn and Suites,06/30/2020,"Madison, WI",45,2020
Marriott Milwaukee Downtown,04/03/2020,"Milwaukee, WI",56,2020
SpringHill Suites Milwaukee,04/03/2020,"Milwaukee, WI",20,2020
Westin Milwaukee,03/20/2020,"Milwaukee, WI",78,2020
Delaware North Companies Inc.,03/01/2020,"Milwaukee, Green Bay, WI",1303,2020
Rev Group Inc,09/21/2020,"Brookfield, Milwaukee, WI",43,2020
Cintas Corporation,07/02/2020,"Menomonee Falls, WI",92,2020
The Madison Consourse Hotel,09/13/2020,"Madison, WI",114,2020
Forest County Potawatomi Community,03/17/2020,"Milwaukee, Wabeno, Crandon, WI",1835,2020
United Alloy Inc,07/17/2020,"Janesville, WI",108,2020
North Central Staffing,03/14/2020,"Middleton, WI",71,2020
North Central Staffing,3/14/2020,"Madison, WI",75,2020
North Shore Healthcare,10/25/2020,"Shawano, WI",44,2020
Air Wisconsin Airlines,10/01/2020,"Milwaukee, Appleton, WI",361,2020
Helgesen,09/30/2020,"Hartford, WI",102,2020
Northern Engraving Corporation,07/31/2020,"Holmen, WI",61,2020
"Stellar Mold & Tool, Inc.",08/03/2020,"Galesville, WI",22,2020
Wacker Neuson,03/23/2020,"Menomonee Falls, WI",186,2020
Courier Distribution Systems,10/02/2020,"Sussex, WI",98,2020
Phillips Medisize,10/15/2020,"Eau Claire, WI",98,2020
Aramark at the Fluno Center,08/31/2020,"Madison, WI",60,2020
Pereles Brothers Inc.,10/01/2020,"Milwaukee, WI",49,2020
Sentry Services,04/19/2020,"Stevens Point, WI",112,2020
APL Logistics Warehouse Management Services,10/31/2020,"Pleasant Prairie, WI",86,2020
"Avis Budget Car Rental, LLC",04/01/2020,"La Crosse, Milwaukee, WI",10,2020
Hyatt Place Madison,03/15/2020,"Madison, WI",26,2020
Fresh Thyme,09/17/2020,"Menomonee Falls, WI",56,2020
"Frank Productions, LLC.",09/20/2020,"Madison, WI",39,2020
Sodexo,03/15/2020,"Milwaukee, WI",73,2020
P.F. Chang's China Bistro,09/17/2020,"Wauwatosa, WI",75,2020
P.F. Chang's China Bistro,09/17/2020,"Appleton, WI",75,2020
"Bartolotta Restaurant Group, LLC",03/16/2020,"Milwaukee, WI",268,2020
"Mondi Akrosil, LLC",02/01/2021,"Pleasant Prairie, WI",92,2020
Advanced Pain Management LLC,10/31/2020,"Appleton, Greenfield, Kenosha, Madison, Milwaukee, Mount Pleasant, Prairie du Sac, Sheboygan, West Bend, WI",238,2020
IHG Management (Maryland) LLC,11/30/2020,"Wauwatosa, WI",31,2020

Regal Beloit America Inc.,Clinton,59,01/31/2020
Regal Beloit America Inc. - Revision 1,Clinton,57,01/31/2020
Regal Beloit America Inc. - Revision 2,Clinton,56,01/31/2020
Regal Beloit America Inc. - Revision 3,Clinton,56,01/31/2020
Regal Beloit America Inc. - Revision 4,Clinton,56,01/31/2020
"Alorica, Inc.",Green Bay,157,02/28/2020

Chancery Pub and Restaurant,Kenosha,77,12/31/2019
CFS Brands,Sparta,83,01/31/2020
Cerner Corporation,Beloit,1,01/14/2020
Kohler Co.,Kohler,90,01/12/2020
Kohler Co. - Revision 1,Kohler,75,05/03/2020
"Transform KM, LLC",Kenosha,70,02/16/2020
JB Milwaukee Healthcare,Milwaukee,120,01/20/2020
Dycora Transitional Health - Colonial Manor,Glendale,66,01/17/2019
"Olameter DPG, LLC",Oak Creek,70,12/31/2019

"TGI Friday's Inc./Milwaukee Front Row Joint Venture, LLC.",Milwaukee,86,12/06/2019
Multi-Color Corporation,Green Bay,39,12/16/2019
Silgan Containers,Menomonee Falls,22,11/18/2019
Gardner Pet Group,West Bend,36,01/17/2020
"INNIO Waukesha Gas Engines, Inc.",Waukesha,75,12/31/2019
Georgia-Pacific Consumer Operations LLC,Greeny Bay,55,12/16/2019

Richter Foods-Burlington Inc.,Burlington,70,09/15/2019
Nestle USA Inc.,Medford,32,11/01/2019
Nestle USA Inc.,Appleton,32,11/01/2019
Nestle USA Inc.,Delavan,31,11/01/2019
Nestle USA Inc.,Sussex,31,11/01/2019
Transform KM LLC,Racine,47,12/15/2019

Schneider National Carriers Inc.,Green Bay,85,09/30/2019
Forrer Business Interiors,Milwaukee,58,08/02/2019
Forrer Business Interiors - Revision 1,Milwaukee,58,08/02/2019
Hi-Crush Services LLC,Whitehall,40,08/30/2019
C&D Technologies,Milwaukee,158,10/05/2019
Transform KM LLC,Waupaca,41,11/17/2019

Silgan Containers Manufacturing Corporation,Waupun,70,11/08/2019
Silgan Containers Manufacturing Corporation - Revision 1,Waupun,70,11/15/2019
Arvato Digital Services,Pleasant Prairie,95,09/01/2019
Tramontina US Cookware,Manitowoc,145,09/08/2019
US Bank,Eau Claire,43,10/01/2019
"Bonton Department Store [aka Saks 5th Avenue, aka Saks 5th Avenue OFF 5TH]",Wauwatosa,39,09/30/2019
Community Development Institution - Head Start,Milwaukee,74,08/31/2019
Flambeau River Papers,Park Falls,65,Unknown
Flambeau River Papers - Revision 1,Park Falls,108,09/24/2019
ResCare Workforce Services,Milwaukee,99,09/30/2019

Beauty Systems Group,Marinette,84,07/29/2019
Intel Corporation,Eau Claire,62,08/15/2019
Lee Enterprises,La Crosse,20,08/10/2019
Piggly Wiggly,Kenosha,59,08/24/2019
Alliance Industries,Marinette,22,09/01/2019

Mayo Clinic Health System - Franciscan,La Crosse,Unknown,07/01/2019
Covia Corporation,Maiden Rock,52,05/08/2019
The Journal Times,Racine,39,07/14/2019
Merit Gear,Antigo,80,01/01/2020
BMO Harris,Brown Deer,51,05/30/2019

F+W Media Inc.,Stevens Point,66,05/31/2019
Iron Mountain Trap Rock Co.,Bloomer,32,10/26/2018
Shopko,"Manitowoc,Plover",99,04/14/2019
Inmar,Milwaukee,265,06/15/2019
Sodexo Services,Oshkosh,87,07/10/2019
Silver Star Brands,Oshkosh,62,06/24/2019
Durham School Services,Racine,211,07/31/2019
Backyard Products,Janesville,23,08/01/2019
Saputo Cheese USA,Dresser,49,05/31/2019
"LifeCare Management Services, LLC",Pewaukee,171,06/23/2019

Post Acute Medical Specialty Hospital of Milwaukee,Milwaukee,172,05/30/2019
Heidel House Resort & Spa,Green Lake,111,05/20/2019
Motor Castings Company,Milwaukee,113,05/20/2019
CasTech,West Allis,4,05/20/2019
Radial,Eau Claire,142,05/28/2019
Dentsply Sirona,Racine,49,07/01/2019
"D.E.N. Services, Inc.",Clintonville,101,06/30/2019
SHOPKO,"Abbotsford, Adams, Appleton, Arcadia, Ashwaubenon, Beaver Dam, Chippewa Falls, Clintonville, De Pere, Eagle River, Eau Claire, Fond du Lac, Fort Atkinson, Green Bay, Janesville, La Crosse, Lancaster, Marshfield, Mequon, Monroe, Neillsville, Oconto, Onalaska, Oshkosh, Park Falls, Reedsburg, Rice Lake, River Falls, Rothschild, Sister Bay, Spooner, Stanley, Suamico, Tomahawk, Waukesha, Wausau, Wautoma, Wisconsin Rapids",1715,06/16/2019
Zalk Josephs Fabricators LLC,Stoughton,Unknown,05/27/2019
"Spectrum Transportation Services, LLC",De Pere,9,05/20/2019
Spectrum America Supply Chain Solutions Inc.,De Pere,216,05/20/2019

US Bank,Brookfield,40,04/05/2019
Covia Corp.,Tomah,29,02/07/2019
Armor Correctional Health Service Inc.,Milwaukee,100,03/31/2019
ShopKo,"De Pere, Watertown, Beloit, Racine, Kimberly, Kenosha, Monona, Marinette, Sheboygan, Delavan, Rhinelander",578,05/06/2019
Wellspring of Milwaukee,Milwaukee,160,04/12/2019
Shopko Store Support Center,Green Bay,140,04/08/2019
ABQC Corporation,Milwaukee,35,03/31/2019

"Figi's Companies, Inc.","Marshfield, Stevens Point, Neillsville",279,01/04/2019
Petco - Drs. Foster & Smith,Rhinelander,289,03/10/2019
Kimberly-Clark Corp.,Neenah,74,03/15/2019
Kimberly-Clark Corp. - Revision 1,Neenah,65,03/15/2019
Compass Minerals America Inc.,Kenosha,38,02/01/2019
"Becton, Dickinson and Company",Franklin,2,03/22/2019
Shopko Stores,Madison,63,04/12/2019
Unison (formerly known as: Interfaith Older Adult Programs Inc.),"Milwaukee, Cudahy, Brown Deer",53,12/21/2018
Lacrosse Hardwood Flooring,Westby,65,03/18/2019
Pepin Health and Rehab,Pepin,54,03/23/2019
Alkar-Rapid Pak Inc,Lodi,30,01/22/2019

Prinsco,Appleton,33,02/04/2019

GE Global Operations,Wauwatosa,63,01/12/2019
Kmart Corporation,Cudahy,75,01/31/2019
Intercontinental Milwaukee,Milwaukee,115,01/08/2019
Beechworth Windows,Ladysmith,80,01/07/2019

Target Corporation,Greenfield,138,02/02/2019
"Sunlite Plastics, Inc.",Germantown,58,10/29/2018
Milwaukee Athletic Club,Milwaukee,97,12/27/2018
Bimbo Bakeries USA,Madison,159,01/02/2019
"Black Horse Carriers, Inc.",Kenosha,107,01/22/2019
Home Owners Bargain Outlet,"Milwaukee, West Allis",104,12/20/2018
Southwire/Coleman Cable,Pleasant Prairie,65,12/04/2018
Hi-Crush,Whitehall,37,09/28/2018

Silgan Containers,Plover,30,11/24/2018
Marshfield Clinic Health System,Marshfield,25,08/16/2018
Midwest Senior Living,Thiensville,30,11/01/2018

P.F. Chang's,Middleton,36,09/01/2018
"ACCO Brands USA, LLC",Pleasant Prairie,54,10/26/2018
"Com-Tec Security, LLC",Greenville,23,07/31/2018
OneTouchPoint,Green Bay,30,08/01/2018
Best Buy,Grafton,68,11/03/2018
Midwest Senior Living,Appleton,54,10/01/2018
West Corporation,Middleton,112,08/31/2018
West Corporation,Green Bay,36,08/31/2018

Schuman Cheese,Fall Creek,51,07/12/2018
"The Fresh Market, Inc.","Brookfield, Fox Point",102,08/03/2018
Mayline (DBA Safco Products Co.),Sheboygan,127,09/04/2018
Mayline (DBA Safco Products Co.) - Revision 1,Sheboygan,127,11/02/2018
Mayline (DBA Safco Products Co.) - Revision 2,Sheboygan,127,09/04/2018

GE Energy,Waukesha,236,08/31/2018
Cooper Power Systems,Waukesha,52,09/07/2018
Ariens Company,Janesville,141,08/20/2018
"Roche Nimblegen, Inc.",Madison,79,12/31/2018
"Daniels of Janesville, LLC",Janesville,49,08/15/2018
DHL Supply Chain,Mequon,59,08/10/2018
Piggly Wiggly #24,Menasha,69,08/18/2018
Wells Fargo,Menomonee Falls,46,10/01/2018

BMO Harris Bradley Center,Milwaukee,651,08/10/2018
"Western Industries, Inc.",Watertown,85,07/16/2018
M.G. Design Associates Corporation,Pleasant Prairie,46,05/09/2018
Degen-Berglund Inc,La Crosse,30,07/08/2018
Concentrix,Milwaukee,77,07/06/2018

American Girl,Wilmot,185,06/22/2018
First Citizens Bank,Brown Deer and Glendale,100,06/08/2018
First Citizens Bank - Revision 1,Brown Deer and Glendale,100,06/08/2018
First Citizens Bank - Revision 2,Brown Deer and Glendale,111,06/08/2018
"Bon Ton Stores (Younkers, Boston Store, BonTon)","Brookfield, Eau Claire, Glendale, Greendale, Janesville, Madison, Marshfield, Milwaukee, Racine, Wauwatosa",2255,06/05/2018
Sitel Group,Unknown,1,03/30/2018

JC Penny,Wauwatosa,520,06/02/2018
"Hubbell Lighting, Inc.",Hudson,54,05/25/2018
Syverson Lutheran Home,Eau Claire,80,03/26/2018
"Toys ""R"" Us, Inc.","Appleton,Brookfield,Green Bay,Madison,Onalaska,Milwaukee,Racine, and Janesville",326,05/14/2018
"Toys ""R"" Us, Inc. - Revision 1","Appleton,Brookfield,Green Bay,Madison,Onalaska,Milwaukee,Racine, and Janesville",326,06/16/2018
"ALKAR-RapidPak, Inc.",Lodi,30,03/08/2018
Foremost Farms USA,Rothschild,110,05/07/2018
Care and Rehab - Dallas,Dallas,49,05/01/2018

"Cordstrap USA, Inc.",Sturtevant,36,05/01/2018
"Uniek, Inc.",Waunakee,58,04/30/2018
Gannett Publishing Services,Appleton,137,05/01/2018
Gannett Publishing Services - Revision 1,Appleton,137,05/01/2018
Gannett Publishing Services - Revision 2,Appleton,137,05/01/2018
Gannett Publishing Services - Revision 3,Appleton,137,05/01/2018
"Mike Flint Enterprises, Inc. (dba Interim Healthcare of Wisconsin; dba Mallatt's Homecare Pharmacy)",Madison and Menomonee Falls,168,04/01/2018
Interim Healthcare of Wisconsin - Revision 1,Madison,98,08/01/2018
Compass Group,Hudson,3,04/01/2018

Younkers,Appleton,75,04/01/2018
Younkers,Wausau,63,04/01/2018
"Saputo Cheese USA, Inc.",Fond du Lac,120,03/31/2018
"Saputo Cheese USA, Inc. - Revision 1",Fond du Lac,120,03/31/2018
ACCO Brands,Pleasant Prairie,26,03/23/2018
Sam's Club,Madison,129,03/16/2018
"Lake Country Foods, Inc.",Oconomowoc,91,03/16/2018
Sam's Club,West Allis,165,03/16/2018
Sears Holdings,Brookfield,59,03/18/2018
Sears Holdings,Green Bay,43,04/08/2018

F + W Media,Iola,41,12/21/2017
F + W Media - Revision 1,Iola,0,12/21/2017

Centro Hispano Milwaukee,Milwaukee,88,01/21/2018
K-Mart,Stevens Point,45,01/21/2018
"Authenticom, Inc.",La Crosse,55,02/02/2018
"Bosch Packaging Technology, Inc.",Shell Lake and New Richmond,35,01/01/2018

Ryder Integrated Logistics Inc,Greenville,159,12/31/2017
"U.S. Paper Converters, Inc.",Appleton,52,12/31/2017
"U.S. Paper Converters, Inc. - Revision 1",Appleton,52,12/21/2017
Molina Healthcare Inc.,Milwaukee,53,12/15/2017
Molina Healthcare Inc. - Revision 1,Milwaukee,59,03/01/2018
Molina Healthcare Inc. - Revision 2,Milwaukee,78,03/01/2018
Spartech Packaging,Ripon,70,12/04/2017
Webcrafters,Waunakee,258,12/31/2017

Mad Design and Marketing,Madison,2,11/01/2017
Mad Design and Marketing - Revision 1,Madison,2,10/01/2017
Appvion,Appleton,61,10/15/2017
Ryder,Beaver Dam,100,12/15/2017
"Pioneer Metal Finishing, LLC",Oshkosh,52,11/13/2017
"Mega Mart, LLC. (dba Pick 'n Save)",Janesville,71,11/04/2017
Jackson National Life Insurance,Appleton,11,11/01/2017
Jackson National Life Insurance - Revision 1,Appleton,34,02/16/2018
Jackson National Life Insurance - Revision 2,Appleton,115,04/17/2018
Jackson National Life Insurance - Revision 3,Appleton,145,03/16/2018

"Gordy's Chippewa Foods, Inc.","Arcadia, Augusta, Barron, Black River Falls, Chetek, Chippewa Falls, Cornell, Eau Claire, Galesville, Hayward, La Crosse, Ladysmith, Neillsville, Rice Lake, Richland Center, Shell Lake, Spencer, Stanley, Tomah, Whitehall",1008,10/28/2017
Fortis Management Group LLC,Milwaukee,225,10/22/2017
Appleton Coated LLC,Combined Locks,620,10/16/2017
"PDQ Food Stores, Inc.","Fitchburg, Kenosha, Madison, Middleton, Waukesha",313,10/09/2017
"Thunder Pallet, Inc.",Theresa,42,10/02/2017
"Marobo, LLC",Mayville,4,10/02/2017
Brennan's Market,"Brookfield, Madison, Monroe, New Glarus, & Oconomowoc",139,09/30/2017

"The Carlson Company, Inc.",Madison,49,07/25/2017
Black Bear Bottling Group LLC,Oak Creek,76,09/15/2017
Sears Auto Center,Greendale,8,09/17/2017
Sears Store,Greendale,88,09/17/2017
Gander Mountain,"Deforest, Franklin, Green Bay, Janesville, Kenosha, Onalaska, Rothschild, Waukesha, West Baraboo",371,08/30/2017

Imperial Laundry Systems LLC,Racine,121,08/23/2017
Kmart,La Crosse,68,09/03/2017
Kmart,Medford,57,09/03/2017
Kmart,West Allis,114,09/03/2017
SaintA,Milwaukee,82,08/15/2017
ADSEA Wisconsin,Portage,58,08/01/2017

Goetz Companies (dba Petro of Portage Travel Center),Portage,104,07/31/2017
"Zalk Josephs Fabricators, LLC",Stoughton,55,06/22/2017
"Colony Brands, Inc.",Madison,103,12/29/2017
Modern Equipment Company LLC,Port Washington,59,07/10/2017

Babcock and Wilcox Universal,Beloit,55,06/03/2017
"VF Outdoor, LLC",Appleton,380,06/09/2017
"Compass Group USA, Inc. dba Chartwells",Whitewater,302,05/31/2017
Dollar Express,"Appleton, Eau Claire, Milwaukee, St. Francis",50,06/30/2017
"The Garvey Group, LLC","Franklin, Sturtevant, Milwaukee",66,06/01/2017
The Garvey Group LLC - Revision 1,"Franklin, Milwaukee",66,07/31/2017

Tulip Molded Plastics Corp.,Milwaukee,136,07/02/2017
"Alorica, Inc.",La Crosse,137,05/26/2017
SP Plus Corporation,Milwaukee,60,03/31/2017
Gannett Consumer Solutions Center,Milwaukee,24,05/12/2017
River Steel,West Salem,20,03/31/2017

Spredfast Inc.,Madison,47,02/07/2017
"Promotions Unlimited (Roosevelt Capital, LLC)",Racine,77,01/17/2017
Gannett Publishing Services,Wausau,30,04/02/2017

"River City Distributing Co., Inc.",Watertown,107,03/31/2017
McKesson Corporation,La Crosse,67,03/31/2017
