company,effective_date,location,number_of_workers
Comanche Peak Nuclear Station,10/5/2020,"Glen Rose, TX",142
The Expo Group Inc.,9/29/2020,"Irving, TX",114
Freeman Company-Davis St.,9/18/2020,"Dallas, TX",33
Freeman Audio Visual -San Antonio,9/18/2020,"San Antonio, TX",1
Freeman Company -San Antonio,9/18/2020,"San Antonio, TX",15
"Freeman Corporate, LLC",9/18/2020,"Dallas, TX",28
Freeman Digi Ventures,9/18/2020,"Dallas, TX",3
Freeman Digi Ventures-Davis St.,9/18/2020,"Dallas, TX",2
"Freeman Expositions, LLC",9/18/2020,"Dallas, TX",21
Freeman Expositions-Davis St.,9/18/2020,"Dallas, TX",20
Freeman Audio Visual,9/18/2020,"Dallas, TX",57
Freeman Company,9/18/2020,"Dallas, TX",83
Freeman Expositions,9/18/2020,"San Antonio, TX",34
Sur La Table Store 17,9/17/2020,"Houston, TX",10
P.F. Chang's -McAllen,9/17/2020,"McAllen, TX",75
P.F. Chang's -Waco,9/17/2020,"Waco, TX",75
"P.F. Chang's -Colony,TX",9/17/2020,"The Colony, TX",75
"P.F. Chang's -Allen,TX",9/17/2020,"Allen, TX",75
P.F. Chang's -Basse Rd,9/17/2020,"San Antonio, TX",75
Z Gallerie Store #68,9/4/2020,"Houston, TX",9
Z Gallerie Store #51,9/4/2020,"Dallas, TX",6
JC Penney - Plano2     (Collin Creek Mall),9/4/2020,"Plano, TX",144
SeaWorld of Texas LLC dba SeaWorld San Antonio dba Aquatica San Antonio,9/4/2020,"San Antonio, TX",242
Z Gallerie Store #17,9/4/2020,"Ft. Worth, TX",5
HPC Developer - Wild Oak Ranch Resort,9/2/2020,"San Antonio, TX",34
HV Global Mgmt Corp. - Wild Oak Ranch Resort,9/2/2020,"San Antonio, TX",66
HV Global Marketing Corp. - Wild Oak Ranch Resort,9/2/2020,"San Antonio, TX",1
Live Nation-Austin,9/1/2020,"Austin, TX",43
Live Nation-Pharr,9/1/2020,"Pharr, TX",253
Live Nation-Dallas,9/1/2020,"Dallas, TX",77
Live Nation-W Loop St,9/1/2020,"Houston, TX",51
Live Nation-Caroline St,9/1/2020,"Houston, TX",85
Avis Budget Car Rental,8/31/2020,"Austin, TX",3
Scoobeez - San Antonio,8/30/2020,"San Antonio, TX",63
Scoobeez Inc-Farmers Branch,8/28/2020,"Farmers Branch, TX",45
"Scoobeez, Inc.-Ft. Worth",8/28/2020,"Ft. Worth, TX",89
"Scoobeez, Inc.-Garland",8/28/2020,"Garland, TX",69
"Scoobeez, Inc.-Austin",8/28/2020,"Austin, TX",71
Avis Budget Car Rental-El Paso,8/28/2020,"El Paso, TX",12
"CEC Entertainment, Inc.",8/28/2020,"Irving, TX",95
SW Hotels-Westin Galleria,8/27/2020,"Dallas, TX",89
GEO Secure Services - Eagle Pass,8/27/2020,"Eagle Pass, TX",174
JW Marriot Resort and SPA - San Antonio,8/27/2020,"San Antonio, TX",461
Marriott Rivercenter Hotel,8/27/2020,"San Antonio, TX",237
Marriott Riverwalk,8/27/2020,"San Antonio, TX",45
Renaissance Dallas at Plano Legacy West Hotel,8/26/2020,"Plano, TX",66
Sheraton Gunter San Antonio,8/25/2020,"San Antonio, TX",38
Hilton-Austin,8/20/2020,"Austin, TX",77
"Exela Enterprise Solutions, LLC",8/20/2020,"Austin, TX",81
"Smith Industries, LLC",18-Aug-20,"Midland, TX",72
Rex Staffing LLC-Country Fresh Products,13-Aug-20,"Houston, TX",310
"IPIC Theaters, LLC",13-Aug-20,"Austin, TX",37
Yoga Works - Uptown,8/12/2020,"Houston, TX",24
HMS Host - San Antonio,8/12/2020,"San Antonio, TX",121
"Seadrill Americas, Inc.",8/11/2020,"Houston, TX",168
JC Penney - McAllen,8/5/2020,"McAllen, TX",137
The Briar Club,8/5/2020,"Houston, TX",23
"Expedia Group, Inc.",8/4/2020,"Dallas, TX",116
Hudson Group-Airport Mgt Services,7/31/2020,"Dallas, TX",81
Spirit,7/30/2020,"DFW Airport, TX",238
Wyndham - San Antonio,7/30/2020,"San Antonio, TX",139
"Wyndham Revere, LLC",7/29/2020,"Dallas, TX",52
CWT,7/28/2020,"San Antonio, TX",102
Wyndhgam Vacation Ownership,7/27/2020,"Austin, TX",81
Brennan's of Houston,7/27/2020,"Houston, TX",90
Hector Garza Center,7/23/2020,"San Antonio, TX",140
Hilton - Plano,7/23/2020,"Plano, TX",105
Visionworks #86,7/23/2020,"San Antonio, TX",9
Visionworks #32,7/23/2020,"Midland, TX",3
Printpack,7/21/2020,"Orange, TX",58
Sodexo - San Antonio,7/20/2020,"San Antonio, TX",319
BJ Services - San Antonio,7/19/2020,"San Antonio, TX",195
JC Penney - Lewisville,7/17/2020,"Lewisville, TX",87
Jc Penney-Dallas,7/17/2020,"Dallas, TX",89
Hilton Anatole,7/17/2020,"Dallas, TX",620
Spirit AeroSystems Inc.,7/16/2020,"San Antonio, TX",72
ASARCO- Amarillo Refinery,7/16/2020,"Amarillo, TX",213
Visionworks #262,7/16/2020,"Round Rock, TX",8
"Exterran Energy Solutions, LP - Houston",7/16/2020,"Houston, TX",174
JC Penney - Plano,7/16/2020,"Plano, TX",717
Electro Rent,7/13/2020,"Roanoke, TX",2
Basic Energy Services-Denver City,7/10/2020,"Denver City, TX",102
"Basic Energy Services - Big Spring, TX",7/10/2020,"Big Spring, TX",114
Transform SR LLC #45446,7/10/2020,"Dallas, TX",57
C. Baldwin Hotel - Curio Collection by Hilton,7/9/2020,"Houston, TX",144
Visionworks #120,7/9/2020,"Katy, TX",2
Pilot Thomas Logistics - Midland,7/9/2020,"Midland, TX",56
C. Baldwin Hotel - Curio Collection by Hilton,7/9/2020,"Houston, TX",144
Visionworks #120,7/9/2020,"Katy, TX",2
Pilot Thomas Logistics - Midland,7/9/2020,"Midland, TX",56
Dallas Fort Worth International,7/8/2020,"Dallas, TX",71
"Borusan Mannesmann Pipe U.S., Inc.",7/8/2020,"Baytown, TX",114
Transocean Deepwater Inc.- Discover Inspiration,7/7/2020,"Houston, TX",110
"GSC Wholesale, LLC dba Grocers Supply",7/3/2020,"Houston, TX",90
Brident-Westheimer Rd,02-Jul-20,"Houston, TX",6
Brident-Broadway,02-Jul-20,"Houston, TX",4
Brident-Long Point RD,02-Jul-20,"Houston, TX",3
Brident-Tidwell Rd,02-Jul-20,"Houston, TX",3
Brident-Edgebrook Dr,02-Jul-20,"Houston, TX",2
Brident-E. Fwy,02-Jul-20,"Houston, TX",2
Brident-W Camp Widsom,02-Jul-20,"Dallas, TX",4
Brident-Crosstimbers,02-Jul-20,"Houston, TX",2
Brident-Greens Rd,02-Jul-20,"Houston, TX",1
Brident-Airline Dr.,02-Jul-20,"Houston, TX",3
Brident-Gulf Fwy,02-Jul-20,"Houston, TX",5
Brident-SW Military,02-Jul-20,"San Antonio, TX",5
Brident-W. Bellfort Ave,02-Jul-20,"Houston, TX",5
Brident-8706 Fredericksburg,02-Jul-20,"San Antonio, TX",1
Brident-W Commerce,02-Jul-20,"San Antonio, TX",3
Brident-3655 Fredericksburg,02-Jul-20,"San Antonio, TX",1
Brident-2000 SE. Loop,02-Jul-20,"San Antonio, TX",1
Brident-Bellaire bBlvd,02-Jul-20,"Houston, TX",5
Electro Rent,01-Jul-20,"Roanoke, TX",3
The Lycra Co.,30-Jun-20,"La Porte, TX",79
PCC Wyman Gordon,30-Jun-20,"Houston, TX",10
Hard Rock Café-San Antonio,29-Jun-20,"San Antonio, TX",138
Spire Hospitality-Embassy Suites,26-Jun-20,"Laredo, TX",58
PV Fluid Products Inc.,25-Jun-20,"Houston, TX",113
Kimpton Hotel,25-Jun-20,"Austin, TX",180
Van Vleck Paint Shop,22-Jun-20,"Bay City, TX",10
Clute Fabrication Shop,22-Jun-20,"Clute, TX",46
Bradshaw State Jail,22-Jun-20,"Henderson, TX",229
Pounds Photo Lab,17-Jun-20,"Dallas, TX",61
Adeputs Health dba FCER Management LLC,15-Jun-20,"Irving, TX",96
Hyatt Regency DFW,15-Jun-20,"DFW Airport, TX",210
Hyatt Corp dba Miraval Austin Wellness Resort & Spa,12-Jun-20,"Austin, TX",137
Hyatt Regency - Austin,12-Jun-20,"Austin, TX",224
Grand Hyatt San Antonio,11-Jun-20,"San Antonio, TX",271
Owens-Corning - Amarillo,11-Jun-20,"Amarillo, TX",205
Hotel Contessa,11-Jun-20,"San Antonio, TX",84
Hyatt Regency - Houston,08-Jun-20,"Houston, TX",260
Ritz Carlton - Dallas,08-Jun-20,"Dallas, TX",365
"Seadrill Americas, Inc.",05-Jun-20,"Houston, TX",135
Gaylord - Grapevine,04-Jun-20,"Grapevine, TX",1426
Sound Inpatient Physicians Inc.,6/1/2020,"Westlake, TX",33
Echo Locum Tenens Inc.,6/1/2020,"Westlake, TX",13
"GE Engine Services, L.P.",6/1/2020,"McAllen, TX",257
Turner Industries-Corpus Christi,6/1/2020,"Corpus Ch, TX",40
St. Regis Houston,6/1/2020,"Houston, TX",180
Jim's Formal Wear,5/31/2020,"Seguin, TX",44
Renaissance Hotel,5/29/2020,"Austin, TX",243
Collins Aerospace,5/29/2020,"Houston, TX",144
Allied Aviation-Southlake,5/29/2020,"Southlake, TX",50
85C Bakery-Katy,5/29/2020,"Katy, TX",1
Live by Loews,5/29/2020,"Arlington, TX",153
Holiday Inn Club Vacations-Pantego,5/29/2020,"Pantego, TX",307
85 C Bakery Café,5/29/2020,"Friendswood, TX",9
Benchmark Electronics,5/28/2020,"Angleton, TX",190
ECFMG-Clinical Skills Exam,5/27/2020,"Houston, TX",103
First Texas Hospital Cy-Fair,5/26/2020,"Houston, TX",62
Sheraton Austin,5/22/2020,"Austin, TX",99
ProPetro-Coil Tubing Operations,5/22/2020,"Midland, TX",32
"Laz Parking Texas, LLC",5/22/2020,"Dallas, TX",310
The Moran at City Center,5/22/2020,"Houston, TX",47
"Texas Steel Conversion, Inc.",5/21/2020,"Houston, TX",491
Marriott City Place-Spicewood Village,5/21/2020,"Spring, TX",33
XPO Logistics-Jacomson Warehouse,5/18/2020,"Dallas, TX",243
Cactus Wellhead,5/14/2020,"Odessa, TX",14
Allied Aviation-Houston,5/14/2020,"Houston, TX",77
St Edwards University,5/14/2020,"Austin, TX",95
Hydraulic Fracturing Facility,5/12/2020,"Midland, TX",392
James Avery -Fredericksburg,5/12/2020,"Fredericksburg, TX",82
"UTLX Manufacturing, Inc.",5/11/2020,"Houston, TX",278
Saulsbury Industries-Odessa,5/7/2020,"Odessa, TX",3
"Saulsbury Industries, Inc.",5/7/2020,"Odessa, TX",12
Saulsbury Industries-Henderson,5/7/2020,"Henderson, TX",58
Southwestern & Pacific #6972,5/5/2020,"Spring, TX",1
Haliburton Energy Services-N. Sam Houston,5/4/2020,"Houston, TX",984
Outback #4424,5/4/2020,"Beaumont, TX",65
Covia-Crane,5/4/2020,"Crane, TX",23
Covia Corp-Kermit,5/4/2020,"Kermit, TX",83
Cactus Wellhead,5/1/2020,"Odessa, TX",32
US Steel Tubular Products - Hughes Springs,5/1/2020,"Hughes Springs, TX",55
Havertys Furniture-Coppell,4/30/2020,"Coppell, TX",57
Carpenter Tech-Amega West,4/30/2020,"Houston, TX",79
Halliburton,4/29/2020,"Kilgore, TX",233
Regal Cinema-Richmond,4/29/2020,"Richmond, TX",91
TechnipFMC CO. - Odessa,4/29/2020,"Odessa, TX",140
Regal Cinema-Tomball,4/29/2020,"Tomball, TX",88
Regal Cinema-Katy Frwy,4/29/2020,"Houston, TX",86
Regal Cinema-Houston,4/29/2020,"Houston, TX",82
Halliburton-Interwood,4/28/2020,"Houston, TX",9
Southwestern & Pacific #2969,4/28/2020,"Livingston, TX",1
Southwestern & Pacific #6772,4/28/2020,"Harlingen, TX",1
Easy Gardener Products Inc.,4/28/2020,"Waco, TX",50
"SW & Pacific #	6741",4/28/2020,"San Antonio, TX",1
"Jet Specialty, Inc.",4/28/2020,"Corpus Ch, TX",75
Haliburton Energy-Interwood Pkwy,4/28/2020,"Houston, TX",9
Hailburton Energy-Heathrow Forest,4/28/2020,"Houston, TX",8
"IPC Industries, LP",4/28/2020,"Santa Fe, TX",109
Southwestern & Pacific #6925,4/28/2020,"Hillsboro, TX",1
Enterprise Holdings-Airport,4/28/2020,"San Antonio, TX",135
Enterprise Holdings-Eastern St,4/28/2020,"San Antonio, TX",146
"Enterprise Holdings, LLC",4/28/2020,"San Antonio, TX",30
Outback Steakhouse #4470,4/28/2020,"El Paso, TX",59
Southwestern & Pacific #3014,4/28/2020,"Houston, TX",1
Southwestern & Pacific #6749,4/28/2020,"San Antonio, TX",1
Southwestern & Pacific #6812,4/28/2020,"Houston, TX",1
Southwestern & Pacific #6800,4/28/2020,"Humble, TX",1
Southwestern & Pacific #6787,4/28/2020,"Pasadena, TX",1
Southwestern & Pacific #6786,4/28/2020,"Houston, TX",1
Southwestern & Pacific #6851,4/28/2020,"Victoria, TX",1
Southwestern & Pacific #6915,4/28/2020,"Marshall, TX",1
Southwestern & Pacific #6884,4/28/2020,"Gun Barrel City, TX",1
Southwestern & Pacific #6757,4/28/2020,"Athens, TX",1
Southwestern & Pacific #6969,4/28/2020,"Longview, TX",1
Southwestern & Pacific #6886,4/28/2020,"Dallas, TX",1
Southwestern & Pacific   #6825,4/28/2020,"Huntsville, TX",1
Southwestern & Pacific #6979,4/28/2020,"Lake Jackson, TX",1
Southwestern & Pacific #6836,4/28/2020,"San Benito, TX",1
Southwestern & Pacific #6883,4/28/2020,"Kerrville, TX",1
Southwestern & Pacific #6829,4/28/2020,"Garland, TX",1
Southwestern & Pacific #6839,4/28/2020,"New Braunfels, TX",1
Southwestern & Pacific #6810,4/28/2020,"Brownsville, TX",1
Southwestern & Pacific #2995,4/28/2020,"Brownsville, TX",1
Southwestern & Pacific #6926,4/28/2020,"Bryan, TX",1
Southwestern & Pacific #6815,4/28/2020,"Lancaster, TX",1
Southwestern & Pacific #6761,4/28/2020,"Corpus Christi, TX",1
Southwestern & Pacific #6818,4/28/2020,"Alice, TX",1
Southwestern & Pacific #6765,4/28/2020,"Grand Prairie, TX",1
Southwestern & Pacific #6745,4/28/2020,"Mexia, TX",1
Southwestern & Pacific #6981,4/28/2020,"San Angelo, TX",1
Carrabba's #9416,4/27/2020,"Houston, TX",76
Carrabba's #9415,4/27/2020,"Houston, TX",66
Carrabba's #4407,4/27/2020,"Webster, TX",75
Carrabba's #4406,4/27/2020,"The Woodlands, TX",74
Outback #4420,4/27/2020,"Stafford, TX",70
Carrabba's #4401,4/27/2020,"Houston, TX",63
Outback #4460,4/27/2020,"Tyler, TX",74
Outback #4434,4/27/2020,"Shenandoah, TX",56
Carrabba's #4404,4/27/2020,"Sugar Land, TX",69
Carrabba's #4402,4/27/2020,"Houston, TX",62
Carrabba's #9421,4/27/2020,"Katy, TX",86
Fleming's #5403,4/27/2020,"Houston, TX",42
Fleming's #5404,4/27/2020,"The Woodlands, TX",49
Outback #4413,4/27/2020,"Houston, TX",77
Outback #4430,4/27/2020,"Baytown, TX",62
Outback #4435,4/27/2020,"Houston, TX",70
Outback #4410,4/27/2020,"Humble, TX",61
Outback #4412,4/27/2020,"Webster, TX",64
Outback #4467,4/27/2020,"Longview, TX",67
Outback #4418,4/27/2020,"College Station, TX",61
Outback #4414,4/27/2020,"Conroe, TX",57
Fleming's #5407,4/27/2020,"Houston, TX",53
Outback #4469,4/27/2020,"Killeen, TX",73
Cardone Industries-Robstown,4/27/2020,"Brownsville, TX",183
Cameron International-Corpus Christi,4/27/2020,"Corpus Ch, TX",6
Cameron International-Kennedy,4/27/2020,"Kenney, TX",45
Outback #4416,4/27/2020,"Katy, TX",79
Carrabba's #4405,4/27/2020,"San Antonio, TX",79
Outback #4423,4/27/2020,"San Antonio, TX",61
Outback #4426,4/27/2020,"San Antonio, TX",65
Outback #4442,4/27/2020,"Selma, TX",76
"Total Airport Services, LLC",4/27/2020,"Houston, TX",68
Fleming's #5402,4/27/2020,"Austin, TX",37
Outback #4425,4/27/2020,"Corpus Christi, TX",59
Outback #4422,4/27/2020,"Austin, TX",56
Outback #4433,4/27/2020,"Lufkin, TX",55
Fleming's #5405,4/27/2020,"San Antonio, TX",54
Outback #4473,4/27/2020,"San Angelo, TX",72
Carrabba's #9412,4/27/2020,"Dallas, TX",52
Outback #4453,4/27/2020,"Irving, TX",56
Outback #4428,4/27/2020,"Pasadena, TX",64
Carrabba's #4403,4/27/2020,"Austin, TX",53
Outback #4454,4/27/2020,"Mesquite, TX",57
Outback #4456,4/27/2020,"Dallas, TX",60
Outback #4458,4/27/2020,"Addison, TX",63
Outback #4476,4/27/2020,"Garland, TX",64
Fleming's #5406,4/27/2020,"Austin, TX",59
Outback #4464,4/27/2020,"Lubbock, TX",67
Outback #4457,4/27/2020,"Plano, TX",60
Outback #4461,4/27/2020,"Lewisville, TX",56
Outback #4466,4/27/2020,"Denton, TX",74
Outback #4477,4/27/2020,"Frisco, TX",82
Outback #4478,4/27/2020,"Burleson, TX",69
Outback #4471,4/27/2020,"Texarkana, TX",56
Outback #4463,4/27/2020,"Amarillo, TX",76
Outback #4429,4/27/2020,"San Marcos, TX",72
Fleming's #5408,4/27/2020,"Plano, TX",57
Outback #4441,4/27/2020,"Round Rock, TX",44
Outback #4462,4/27/2020,"Midland, TX",75
Outback #4475,4/27/2020,"DeSoto, TX",63
Carrabba's #9410,4/27/2020,"Beaumont, TX",79
Outback #4451,4/27/2020,"Fort Worth, TX",67
Outback #4452,4/27/2020,"Hurst, TX",79
Outback #4459,4/27/2020,"Arlington, TX",76
Outback #4474,4/27/2020,"Abilene, TX",51
Outback #4455,4/27/2020,"Euless, TX",75
Carrabba's #9419,4/27/2020,"Hurst, TX",49
Bonefish #904,4/27/2020,"Southlake, TX",40
Carrabba's #9414,4/27/2020,"Plano, TX",43
Bonefish #912,4/27/2020,"Allen, TX",50
Core Laboratories-Owen Oil Tools,4/27/2020,"Godley, TX",244
Outback #4468,4/27/2020,"Waco, TX",62
CP Energy-N. Big Spring,4/25/2020,"Midland, TX",2
North American Dental Group - Flower Mound,4/24/2020,"Flower Mound, TX",12
Liberty Oilfield,4/24/2020,"Cibolo, TX",89
Haliburton Energy-Burleson,4/23/2020,"Burleson, TX",36
Go Rentals,4/23/2020,"Houston, TX",4
Signal Peak Silica -Poteet,4/23/2020,"Poteet, TX",72
Go Rentals - Austin,4/23/2020,"Austin, TX",7
Go Rentals - Atlantic,4/23/2020,"Addison, TX",1
CP Energy-S County Rd 1200,4/23/2020,"Midland, TX",15
CP Energy-Hwy 285,4/23/2020,"Midland, TX",9
Go Rentals - Monroe Rd,4/23/2020,"Houston, TX",1
Go Rentals - Westgrove,4/23/2020,"Addison, TX",4
Nextier Completion-Robston,4/23/2020,"Robstown, TX",82
Go Rentals - McKinney,4/23/2020,"McKinney, TX",1
Go Rentals - Ft. Worth,4/23/2020,"Ft. Worth, TX",4
"Magic Leap, LLc",4/22/2020,"McKinney, TX",8
ATCO Structures,4/22/2020,"Diboll, TX",90
Pappas Seafood House (Aldine Bender),4/22/2020,"Houston, TX",113
"Magic Leap, LLC-Austin",4/22/2020,"Austin, TX",15
Cactus Wellhead,4/22/2020,"Odessa, TX",184
Southwestern & Pacific #6736,4/21/2020,"San Antonio, TX",1
Epi Breads,4/21/2020,"Dallas, TX",238
"Energy Transfer, LP-SEC Energy Products",4/21/2020,"Houston, TX",95
Enterprise Offshore-White Fleet Drilling,4/21/2020,"Houston, TX",76
Hilton Garden Inn-Willowbrook,4/20/2020,"Houston, TX",44
Haliburton Energy Services-Monahans,4/20/2020,"Monahans, TX",15
"Applied Aerodynamics, Inc.",4/20/2020,"Dallas, TX",25
US Silica-Lamesa,4/20/2020,"Lamesa, TX",49
ProPetro-Coil Tubing Operations,4/17/2020,"Midland, TX",18
Capital Sand Permian,4/17/2020,"Monahans, TX",36
National Oilwell - Pampa,4/17/2020,"Pampa, TX",91
Pappas Bar-B-Q 11,4/16/2020,"Conroe, TX",29
Discovery Natural Resources,4/16/2020,"Barnhart, TX",36
Vroom-Meadows Place,4/16/2020,"Sugar Land, TX",136
Discovery Natual Resources- Ozona,4/16/2020,"Ozona, TX",4
ProPetro-Hydraulic Fracturing,4/16/2020,"Midfield, TX",566
"Black Mountain Management, LLC",4/16/2020,"Ft. Worth, TX",87
Electro Rent,4/16/2020,"Roanoke, TX",7
Chalk Montain Services of Texas LLC - Pleasanton,4/15/2020,"Pleasanton, TX",14
CalFrac Well Services,4/15/2020,"San Antonio, TX",134
Ahern Rentals,4/15/2020,"Odessa, TX",3
Baker Hughes-Houston,4/15/2020,"Houston, TX",184
Shawcor Pipe Protection,4/15/2020,"Pearland, TX",65
Diamond Offshore Drilling Corporate,4/15/2020,"Houston, TX",102
NexTier Completion Solutions Inc. - Onyx Dr,4/14/2020,"Midland, TX",60
NexTier Completion Solutions Inc. - FM 1788,4/14/2020,"Midland, TX",133
NexTier Completion Solutions Inc. - E IH 20,4/14/2020,"Midland, TX",58
NexTier Completion Solutions Inc. - Pecos,4/14/2020,"Pecos, TX",49
NexTier Completion Solutions Inc. - Odessa,4/14/2020,"Odessa, TX",197
Paul Martin's American Grill,4/14/2020,"Austin, TX",81
NexTier Completion Solutions Inc. - Westpark Dr.,4/14/2020,"Houston, TX",85
NexTier Completion Solutions Inc.- Rogerdale,4/14/2020,"Houston, TX",196
Titan Production Equipment-Alleyton,4/14/2020,"Alleyton, TX",56
"Titan Production Equipment, LLC",4/14/2020,"Woodlands, TX",10
NexTier Completion Solutions Inc.,4/14/2020,"Pleasanton, TX",64
Pappasito's 04,4/14/2020,"Webster, TX",142
FTS International Services-Longview,4/14/2020,"Longview, TX",58
"Sun Coast Resources, Inc.",4/14/2020,"Midland, TX",50
Vroom-Houston,4/14/2020,"Houston, TX",36
Vroom-Stafford,4/14/2020,"Stafford, TX",59
Pier 1 Imports - Tarrant,4/14/2020,"Ft. Worth, TX",585
Pier 1 Imports-Mansfield,4/14/2020,"Mansfield, TX",67
Signal Peak Silica,4/14/2020,"Monahans, TX",37
Signing Day One-D1 Training,4/13/2020,"Boerne, TX",3
At Home Corporate,4/13/2020,"Plano, TX",147
Take 5 Department 199,4/13/2020,"San Antonio, TX",7
US Silica-Sandbox Logistics,4/13/2020,"Midland, TX",105
Take 5 Department 179,4/13/2020,"San Antonio, TX",11
Beyond Finance,4/13/2020,"Houston, TX",302
America's Auto Auction Texas,4/13/2020,"Buda, TX",1
Guess?,4/13/2020,"Laredo, TX",30
Covia-Kermit,4/13/2020,"Kermit, TX",82
Dog and Pony Grill,4/13/2020,"Boerne, TX",29
Alamo Drafthouse-Corpus Christi,4/13/2020,"Corpus Ch, TX",128
Alamo Drafthouse-Laredo,4/13/2020,"Laredo, TX",112
Allied Aviation Fueling Co,4/13/2020,"San Antonio, TX",6
Yazaki North America,4/13/2020,"El Paso, TX",83
MCD Innovations,4/13/2020,"McKinney, TX",25
Pappadeaux Seafood Kitchen 33,4/13/2020,"Houston, TX",120
Willie's Grill & Icehouse - I35 South,4/10/2020,"San Antonio, TX",40
Willie's Grill & Icehouse -  College Station,4/10/2020,"College Station, TX",28
Willie's Grill & Icehouse - Conroe,4/10/2020,"Conroe, TX",51
Willie's Grill & Icehouse.,4/10/2020,"San Antonio, TX",45
Willie's Grill & Icehouse - Spring,4/10/2020,"Spring, TX",41
Willie's Grill & Icehouse - Leon Springs,4/10/2020,"Leon Springs, TX",38
Willie's Grill & Icehouse - New Braunfels,4/10/2020,"New Braunfels, TX",45
Willie's Grill &  Icehouse - North Loop,4/10/2020,"San Antonio, TX",35
Willie's Grill & Icehouse,4/10/2020,"San Antonio, TX",32
Willie's Grill & Icehouse - Katy Fwy,4/10/2020,"Houston, TX",40
Willie's Grill & Icehouse - Cypress,4/10/2020,"Cypress, TX",51
Pacific Drilling - Pacific Sharav,4/10/2020,"Houston, TX",82
Willie's Grill & Icehouse - Georgetown,4/10/2020,"Georgetown, TX",69
Hilton Garden Inn - Dallas Market Center,4/10/2020,"Dallas, TX",61
"Yazaki North America dba Elcom, Inc.",4/10/2020,"El Paso, TX",43
Willie's Grill & Icehouse - Hwy 6 N,4/10/2020,"Houston, TX",77
Willie's Grill & Icehouse - 1960 RD,4/10/2020,"Houston, TX",29
Willie's Grill & Icehouse - NW FWY,4/10/2020,"Houston, TX",35
NexTier Completion Solutions Inc. - San Angelo,4/10/2020,"San Angelo, TX",53
Willie's Grill & Icehouse - Sugar Land,4/10/2020,"Sugar Land, TX",37
Avis Budget Car Rental-Airport Blvd,4/10/2020,"Houston, TX",47
Willie's Grill & Icehouse - HWY 249,4/10/2020,"Houston, TX",39
Turner Industries-Corpus Christi,4/9/2020,"Corpus Ch, TX",40
Universal Pressure Pumping,4/9/2020,"Midland, TX",70
Black Bear Diner-Sugarland,4/9/2020,"Sugarland, TX",46
Black Bear Diner-Shenandoah,4/9/2020,"Shenandoah, TX",71
Black Bear Diner-Katy,4/9/2020,"Katy, TX",47
Black Bear Diner-Humble,4/9/2020,"Humble, TX",56
Black Bear Diner-15720 N Frwy,4/9/2020,"Houston, TX",42
Black Bear Diner-19823 NW Frwy,4/9/2020,"Houston, TX",2
Embassy Suites-Dallas Love Field,4/9/2020,"Dallas, TX",58
InterContinental Houston Medical Center,4/9/2020,"Houston, TX",75
Gristmill River Restaurant and Bar,4/9/2020,"New Braunfels, TX",305
Step Energy Services,4/9/2020,"Midland, TX",76
Capital Sand Permian,4/9/2020,"Monahans, TX",50
VSPOne Dallas,4/9/2020,"Lewisville, TX",133
Medieval Times,4/8/2020,"Dallas, TX",190
Prospect Airport Services-DFW Airport,4/8/2020,"DFW Airport, TX",201
North American Dental Group,4/7/2020,"Allen, TX",12
Universal Pressure Pumping-Pearsall,4/7/2020,"Pearsall, TX",200
North American Dental - Roanoke,4/7/2020,"Roanoke, TX",8
North American Dental - Tyler,4/7/2020,"Tyler, TX",32
"Huhtamaki, Inc.",4/7/2020,"Paris, TX",60
Halliburton-Elmendorf,4/7/2020,"Elmendorf, TX",384
Leggette & Pratt Inc.,4/7/2020,"Ennis, TX",192
El Gallo-,4/7/2020,"Houston, TX",9
Epic Piping LLC,4/7/2020,"San Marcos, TX",73
Avianca-Houston,4/7/2020,"Houston, TX",1
Avianca-DFW Airport,4/7/2020,"DFW Airport, TX",1
Frontier Enterp;rise,4/7/2020,"San Antonio, TX",1000
YMCA-San Antonio,4/7/2020,"San Antonio, TX",1679
"Exeter Finance, LLC",4/7/2020,"Irving, TX",29
ProPetro-Cement Operations Facility,4/7/2020,"Midland, TX",39
Haliburton Energy Services-Brownfield,4/6/2020,"Brownfield, TX",41
Questo Beso,4/6/2020,"Dallas, TX",42
Scholastic Book Faris-Houston,4/6/2020,"Houston, TX",86
Haliburton Energy Services-Odessa,4/6/2020,"Odessa, TX",237
Traffic Los Angeles--Joule Hotel,4/6/2020,"Dallas, TX",4
Forty Five Ten,4/6/2020,"Dallas, TX",10
Scholastic Book Fairs-Waco,4/6/2020,"Waco, TX",43
Tango Room,4/6/2020,"Dallas, TX",2
"Wheelhouse, Sassetta",4/6/2020,"Dallas, TX",82
The Porch,4/6/2020,"Dallas, TX",69
The Joule Hotel,4/6/2020,"Dallas, TX",432
Forty Five Ten-Highland Park,4/6/2020,"Dallas, TX",34
Benihana-Plano,4/6/2020,"Plano, TX",56
"Vallourec Sta, LP",4/6/2020,"Houston, TX",144
The Commisary,4/6/2020,"Dallas, TX",19
Scholastic Book Fairs-Arlington,4/6/2020,"Arlington, TX",85
Paul Martin's-Dallas,4/6/2020,"Dallas, TX",57
Ra Sushi-Austin,4/5/2020,"Austin, TX",55
Ra Sushi-Southlake,4/5/2020,"Southlake, TX",33
Benihana Las Colinas,4/5/2020,"Irving, TX",53
Benihana Dallas,4/5/2020,"Dallas, TX",72
Ra Sushi-Houston,4/5/2020,"Houston, TX",67
Benihana-The Woodlands,4/5/2020,"The Woodlands, TX",38
Benihana-Westhiemer,4/5/2020,"Houston, TX",52
Ra Sushi-Plano,4/5/2020,"Plano, TX",44
Benihana-Houston,4/5/2020,"Houston, TX",41
Benihana-Sugarland,4/5/2020,"Sugar Land, TX",41
Justin Brands-W. Daggett,4/4/2020,"Ft. Worth, TX",121
David McDavid Acura,4/3/2020,"Austin, TX",13
David McDavid Acura-Plano,4/3/2020,"Plano, TX",42
David McDavid- Lincoln,4/3/2020,"Plano, TX",27
JW Marriott Austin,4/3/2020,"Austin, TX",166
National Credit Services,4/3/2020,"Dallas, TX",141
David McDavid- Ford,4/3/2020,"Ft. Worth, TX",50
David McDavid- Honda,4/3/2020,"Irving, TX",50
South Texas Eye Institute,4/3/2020,"San Antonio, TX",21
US Silica-Crane Facility,4/3/2020,"Crane, TX",71
David McDavid Honda-Frisco,4/3/2020,"Frisco, TX",67
"Roquemore Holdings, LLC",4/3/2020,"Garland, TX",37
Global Investigative Services,4/3/2020,"Garland, TX",11
Turner Industries-Pasadena,4/3/2020,"Pasadena, TX",105
Kinsel Ford-Toyota,4/2/2020,"Beaumont, TX",8
Martin-Brower Co. LLC,4/2/2020,"Conroe, TX",44
Tandy Leather Co.,4/2/2020,"Ft. Worth, TX",14
"UTLX Manufacturing, Inc.",4/2/2020,"Houston, TX",81
Turner Industries,4/2/2020,"Paris, TX",500
"Watson & Chalin Manufacturing, Inc. - McKinney",4/2/2020,"McKinney, TX",103
Pioneer Frozen Foods,4/2/2020,"Duncanville, TX",90
Palmer of Texas,4/2/2020,"Andrews, TX",50
Fairfield Inn & Suites Dallas,4/2/2020,"Dallas, TX",56
"Kinsel Ford, Inc.",4/2/2020,"Beaumont, TX",19
Avis Car Rental,4/1/2020,"Dallas, TX",901
Avis Car Rental-3937 26th Ave,4/1/2020,"Dallas, TX",12
Zachary Industrial-LyndellBaseII,4/1/2020,"Houston, TX",288
Hampton Inn-Frisco,4/1/2020,"Frisco, TX",11
Courtyard by Marriott Austin,4/1/2020,"Pflugerville, TX",53
Hyatt Place-Cedar Park,4/1/2020,"Cedar Park, TX",12
Avis Car Rental-Cedar Springs,4/1/2020,"Dallas, TX",33
Avis Car Rental-3850 26th,4/1/2020,"Dallas, TX",8
Fixbrewhouse-El Paso,3/31/2020,"El Paso, TX",127
El Gallo,3/31/2020,"Houston, TX",10
Guadalajara Hacienda-,3/31/2020,"Shenandoah, TX",42
HMS Host-Lubbock Airport,3/31/2020,"Lubbock, TX",15
HMS Host-El Paso Airport,3/31/2020,"El Paso, TX",70
Pioneer Frozen Foods-Dallas,3/31/2020,"Dallas, TX",70
Guadalajara Hacienda,3/31/2020,"Katy, TX",37
InterContinental-Stephen F Austin,3/31/2020,"Austin, TX",99
Guadalajara Grille,3/31/2020,"Houston, TX",36
Step Energy Services-Floresville,3/31/2020,"Floresville, TX",69
Justin Brands-Ft Worth,3/31/2020,"Fort Worth, TX",10
Fixbrewhouse-San Antonio,3/31/2020,"San Antonio, TX",164
Justin Brands-Childress,3/31/2020,"Childress, TX",7
Great American Products Ltd.,3/31/2020,"New Braunfels, TX",1
Justin Brands-El Paso,3/31/2020,"El Paso, TX",179
Holiday Inn-Riverwalk,3/31/2020,"San Antonio, TX",61
Guadalajara Del Centro,3/31/2020,"Houston, TX",71
SiteMinder Hospitality-Colonnade,3/31/2020,"Addison, TX",36
Drive Time,3/31/2020,"Ft. Worth, TX",108
"Flixbrewhouse-Cinema Breweries,Inc.",3/31/2020,"Round Rock, TX",168
Fixbrewhouse-Frisco,3/31/2020,"Frisco, TX",137
"uShip, Inc.",3/31/2020,"Austin, TX",65
Justin Brands-N. Desert,3/31/2020,"El Paso, TX",5
Justin Brands--Gateway W,3/31/2020,"El Paso, TX",6
Justin Brands-1756 Gateway,3/31/2020,"El Paso, TX",6
Justin Brands-7100 Gateway E,3/31/2020,"El Paso, TX",6
"DynaEnergetics US, Inc.",3/31/2020,"Blum, TX",85
Sport Clips - FM620,3/30/2020,"Austin, TX",6
Sport Clips - Trimmier Rd,3/30/2020,"Killeen, TX",10
Sport Clips - Hwy 190,3/30/2020,"Copperas Cove, TX",9
Sport Clips - Town Center,3/30/2020,"Pflugerville, TX",12
Sport Clips - Frontage Rd.,3/30/2020,"Austin, TX",13
Sport Clips - Shops Pkwy,3/30/2020,"Austin, TX",13
Sport Clips - S. IH-35 Round Rock,3/30/2020,"Round Rock, TX",6
Sport Clips - Walton Way,3/30/2020,"Cedar Park, TX",8
Veritas Shop Fabrication,3/30/2020,"Whitehouse, TX",67
Holiday Inn Army Hotels,3/30/2020,"San Antonio, TX",61
Sport Clips - Palm Valley,3/30/2020,"Round Rock, TX",8
Sport Clips - University Oaks,3/30/2020,"Round Rock, TX",9
Sport Clips - Whitestone Blvd,3/30/2020,"Cedar Park, TX",10
Sport Clips - Kyle Parkway,3/30/2020,"Kyle, TX",12
Sports Clips - San Antonio Rd,3/30/2020,"Buda, TX",7
Double Tree by Hilton Hotel,3/30/2020,"Austin, TX",63
Sport Clips - Agnes St.,3/30/2020,"Bastrop, TX",11
Sport Clips - Rivery Blvd.,3/30/2020,"Georgetown, TX",17
Drive Time - Houston,3/30/2020,"Houston, TX",61
Hilton Houston Westchase,3/30/2020,"Houston, TX",50
IKO Southwest LLC,3/30/2020,"Hillsboro, TX",31
"EMI Industries, LLC",3/30/2020,"Arlington, TX",30
Sport Clips - N. Mopac,3/30/2020,"Austin, TX",12
Sport clips - Bee Caves,3/30/2020,"Austin, TX",6
Sport Clips - Lakeline,3/30/2020,"Austin, TX",9
Sport Clips - Hwy. 290,3/30/2020,"Austin, TX",13
Suitssupply-Dallas,3/29/2020,"Dallas, TX",19
Suitsupply-Austin,3/29/2020,"Austin, TX",7
Ahern Rentals-El Paso,3/28/2020,"El Paso, TX",1
Ahern Rentals-Corpus Christi.,3/28/2020,"Corpus Ch, TX",1
Ahern Rentals-Irving,3/28/2020,"Irving, TX",12
Ahern Rentals-Lubbock,3/28/2020,"Lubbock, TX",1
Ahern Rentals-Houston,3/28/2020,"Houston, TX",12
Ahern Rentals-Ft Worth,3/28/2020,"Fort Worth, TX",3
Ahern Rentals-San Antonio,3/28/2020,"San Antonio, TX",2
Paper Source-N. Lamar,3/27/2020,"Austin, TX",12
Down on Grayson,3/27/2020,"San Antonio, TX",75
DriveTime Automotive-Houston,3/27/2020,"Houston, TX",61
Westin Stonbriar Hotel,3/27/2020,"Frisco, TX",123
Paper Source-Southlake,3/27/2020,"Southlake, TX",6
"Charbonneau Industries, Inc.",3/27/2020,"Houston, TX",60
Paper Source-Palm Way,3/27/2020,"Austin, TX",10
Charbonneau Ind.-Warehouse,3/27/2020,"Houston, TX",20
Trico Products,3/27/2020,"Brownsville, TX",212
Paper Source,3/27/2020,"Dallas, TX",11
Pinnacle Logistics,3/27/2020,"Dallas, TX",134
Dorman Milano Hat Co.,3/27/2020,"Dallas, TX",20
Paper Source-Cole Ave,3/27/2020,"Dallas, TX",10
Paper Source-Town and Country,3/27/2020,"Houston, TX",10
Paper Source-Plano,3/27/2020,"Plano, TX",8
Rosewood Mansion,3/27/2020,"Dallas, TX",1
Paper Source-Westheimer,3/27/2020,"Houston, TX",17
"Compeat, Inc.",3/27/2020,"Austin, TX",56
Pappasito's 24,3/26/2020,"Dallas, TX",42
Pappasito's 01,3/26/2020,"Houston, TX",86
Pappadeaux Seafood Kitchen 34,3/26/2020,"Pharr, TX",201
Pappas Delta Blues,3/26/2020,"Plano, TX",75
Pappadeaux Seafood Kitchen 35,3/26/2020,"Dallas, TX",88
Pappadeaux Seafood Kitchen 42,3/26/2020,"Dallas, TX",113
Pappasito's 02,3/26/2020,"Houston, TX",106
Tinseltown USA El Paso,3/26/2020,"El Paso, TX",108
Pappas Bar-B-Q 24,3/26/2020,"Duncanville, TX",62
Cinemark 12 Pearland,3/26/2020,"Pearland, TX",37
Pappasito's 10,3/26/2020,"Houston, TX",169
Pappasito's 12,3/26/2020,"Houston, TX",128
Pappas Catering Dallas,3/26/2020,"Richardson, TX",11
Spitzer Industries-Brookshire,3/26/2020,"Brookshire, TX",53
Pappasito's 06,3/26/2020,"Humble, TX",150
Pappadeaux Seafood Kitchen 03,3/26/2020,"Austin, TX",125
The Pearl South Padre,3/26/2020,"South Padre Is., TX",105
Tinseltown Movies 17,3/26/2020,"Grapevine, TX",70
Pappas Bar-B-Q 05,3/26/2020,"Dallas, TX",35
Pappasito's 20,3/26/2020,"Dallas, TX",91
Pappas Bros. Steakhouse 2,3/26/2020,"Dallas, TX",101
Pappasito's 07,3/26/2020,"Houston, TX",95
Pappasito's 08,3/26/2020,"Houston, TX",151
Cinemark 12 Sherman,3/26/2020,"Sherman, TX",39
Little Pappasito's,3/26/2020,"Houston, TX",109
Century 12 Abilene,3/26/2020,"Abilene, TX",23
Pappasito's 15,3/26/2020,"Ft. Worth, TX",136
Pappadeaux Seafood Kitchen 27,3/26/2020,"Shenandoah, TX",186
Pappadeaux Seafood Kitchen 22,3/26/2020,"Houston, TX",99
Pappadeaux Seafood Kitchen 10,3/26/2020,"Houston, TX",167
Pappadeaux Seafood Kitchen 11,3/26/2020,"Dallas, TX",165
Pappadeaux Seafood Kitchen 07,3/26/2020,"Richardson, TX",180
Pappadeaux Seafood Kitchen 32,3/26/2020,"Houston, TX",78
Pappas Catering Austin,3/26/2020,"Austin, TX",17
Cinemark Montana 14,3/26/2020,"El Paso, TX",74
Pappasito's 09,3/26/2020,"Austin, TX",128
Pappadeaux Seafood Kitchen 09,3/26/2020,"Houston, TX",184
Pappadeaux Seafood Kitchen 12,3/26/2020,"San Antonio, TX",213
Cinemark West,3/26/2020,"El Paso, TX",66
Pappadeaux Seafood Kitchen 1,3/26/2020,"Houston, TX",95
Pappadeaux Seafood Kitchen 39,3/26/2020,"Austin, TX",123
Pappadeaux Seafood Kitchen 05,3/26/2020,"Stafford, TX",178
Pappadeaux Seafood Kitchen 06,3/26/2020,"Dallas, TX",146
Pappasito's 13,3/26/2020,"Dallas, TX",121
Pappadeaux Seafood Kitchen 16,3/26/2020,"Fort Worth, TX",186
Pappadeaux Seafood Kitchen 18,3/26/2020,"Bedford, TX",90
Pappadeaux Seafood Kitchen 36,3/26/2020,"Grapevine, TX",154
Pappadeaux Seafood Kitchen 29,3/26/2020,"Duncanville, TX",161
Pappadeaux Seafood Kitchen 41,3/26/2020,"Houston, TX",113
Pappadeaux Seafood Kitchen 37,3/26/2020,"Houston, TX",140
Cinemark Movie Bistro,3/26/2020,"El Paso, TX",35
Pappadeaux Seafood Kitchen 02,3/26/2020,"Houston, TX",100
Pappadeaux Seafood Kitchen 08,3/26/2020,"Arlington, TX",155
Pappadeaux Seafood Kitchen 40,3/26/2020,"San Antonio, TX",231
Cinemark Abilene,3/26/2020,"Abilene, TX",36
Pappasito's 05,3/26/2020,"Richardson, TX",116
Pappadeaux Seafood Kitchen 28,3/26/2020,"Houston, TX",74
Cielo Vista Mall 14,3/26/2020,"El Paso, TX",53
Pappadeaux Seafood Kitchen 21,3/26/2020,"Dallas, TX",165
Pappas Catering San Antonio,3/26/2020,"San Antonio, TX",27
Pappasito's 16,3/26/2020,"Arlington, TX",127
Pappas Delta Blues - Houston,3/26/2020,"Webster, TX",97
Cornerstone Community-Weatherford,3/26/2020,"Weatherford, TX",4
Cornerstone Community-Mulberry,3/26/2020,"Decatur, TX",7
Cornerstone Community-Mineral Wells,3/26/2020,"Mineral Wells, TX",10
Cornerstone Community-Boyd,3/26/2020,"Boyd, TX",4
Cornerstone Community-Decatur,3/26/2020,"Decatur, TX",2
Pappasito's 03,3/26/2020,"Sugarland, TX",135
Tinseltown Lubbock,3/26/2020,"Lubbock, TX",67
Cinemark Pharr 16,3/26/2020,"Pharr, TX",54
Pappas Burger 1,3/26/2020,"Houston, TX",90
Cinemark - Allen 16,3/26/2020,"Allen, TX",53
Movies 12  Texas City,3/26/2020,"Texas City, TX",26
Tinseltown Jacinto City,3/26/2020,"Houston, TX",50
Ridgmar 13,3/26/2020,"Fort Worth, TX",56
Tinseltown The Woodlands,3/26/2020,"The Woodlands, TX",71
Cinemark San Antonio 16,3/26/2020,"San Antonio, TX",21
Tinseltown USA 290,3/26/2020,"Houston, TX",78
"Cinemark 14 Wichita
Falls",3/26/2020,"Wichita Falls, TX",46
Pappas Bar-B-Q 14,3/26/2020,"Houston, TX",40
Pappas Bros. Steakhouse 3,3/26/2020,"Houston, TX",94
Cinemark Frisco Square,3/26/2020,"Frisco, TX",64
Pappas Bar-B-Q 15,3/26/2020,"Houston, TX",19
Movies 14 McKinney,3/26/2020,"McKinney, TX",45
Pappas Bar-B-Q 19,3/26/2020,"Houston, TX",29
Pappas Bar-B-Q 20,3/26/2020,"Houston, TX",40
Pappas Bar-B-Q 21,3/26/2020,"Houston, TX",17
CUT! by Cinemark,3/26/2020,"Frisco, TX",172
Cinemark West Plano,3/26/2020,"Plano, TX",165
Pappas Bar-B-Q 22,3/26/2020,"Houston, TX",40
Cinema 6 Cleburn,3/26/2020,"Cleburne, TX",15
Subway - (Pappas HOU Airport),3/26/2020,"Houston, TX",85
Cinema 6 Stephenville,3/26/2020,"Stephenville, TX",20
Cinemark Central Plano,3/26/2020,"Plano, TX",52
Pappas Bros. Steakhouse 1,3/26/2020,"Houston, TX",110
"Cinemark 15 @ Vista
Ridge Mall",3/26/2020,"Lewisville, TX",39
Cinemark 14 Roanoke,3/26/2020,"Roanoke, TX",69
Cinemark 14 Denton,3/26/2020,"Denton, TX",52
Cinemark 14 Cedar Hill,3/26/2020,"Cedar Hill, TX",29
Cinemark (The Legacy),3/26/2020,"Plano, TX",96
Main Place 6,3/26/2020,"McAllen, TX",17
Pappas Bar-B-Q 23,3/26/2020,"Pasadena, TX",47
Barry's Pizza (Pappas),3/26/2020,"Houston, TX",23
Dot Coffee Shop (Pappas -Woodridge),3/26/2020,"Houston, TX",88
Dot Coffee Shop (Pappas -Federal),3/26/2020,"Houston, TX",80
Yia Yia Mary's Greek Kitchen (Pappas - San Felipe),3/26/2020,"Houston, TX",83
Yia Yia Mary's Greek Kitchen (Pappas - Airport),3/26/2020,"Houston, TX",18
Chick-fll-A (Pappas),3/26/2020,"Houston, TX",33
Dunkin Donuts/Baskin Robbins (Pappas),3/26/2020,"Houston, TX",23
Gordon's Galley (Pappas),3/26/2020,"Houston, TX",24
Cinemark Edinburg,3/26/2020,"Edinburg, TX",64
Ruby's (Pappas),3/26/2020,"Houston, TX",87
Pappas Seafood House (NASA),3/26/2020,"Webster, TX",149
Pappas Restaurants Corporate,3/26/2020,"Houston, TX",124
Pappas Distribution/Trades Offices - 1,3/26/2020,"Houston, TX",129
Pappas Distribution/Trades Offices - 2,3/26/2020,"Houston, TX",23
Pappas Distribution/Trades Offices - 3,3/26/2020,"Houston, TX",60
Pappas Bread and Dessert Bakeries,3/26/2020,"Houston, TX",99
Pappas Pappas Bar-B-Q Catering,3/26/2020,"Houston, TX",20
Pappas Catering Houston,3/26/2020,"Houston, TX",25
Pappas Confectionary/ Delivery,3/26/2020,"Houston, TX",107
Hunan (Pappas),3/26/2020,"Houston, TX",19
Movies 4,3/26/2020,"Big Spring, TX",11
Movies 10 Weslaco,3/26/2020,"Weslaco, TX",32
Movies 17,3/26/2020,"McAllen, TX",28
Little Pappas Seafood House,3/26/2020,"Houston, TX",52
Town Centre Cinema 6,3/26/2020,"Plainview, TX",12
Movies 16,3/26/2020,"Lubbock, TX",30
Cinemark Cedar Park 12,3/26/2020,"Cedar Park, TX",72
Pappas Burger 2,3/26/2020,"Houston, TX",112
Tinseltown USA Beaumont,3/26/2020,"Beaumont, TX",68
Pappas Shrimp Shack,3/26/2020,"Houston, TX",46
Cinemark 14 Round Rock,3/26/2020,"Round Rock, TX",52
Mall de Las Aguilas 7,3/26/2020,"Eagle Pass, TX",23
Century 12 Odessa,3/26/2020,"Odessa, TX",24
Hollywood USA - Amarillo,3/26/2020,"Amarillo, TX",35
Movies 8 Paris,3/26/2020,"Paris, TX",15
Cinemark 14 Texarkana,3/26/2020,"Texarkana, TX",48
Movies 8 Del Rio,3/26/2020,"Del Rio, TX",21
Pappas Seafood House (FM 1960),3/26/2020,"Humble, TX",152
Tinseltown Mission,3/26/2020,"Mission, TX",23
"Cinemark Rockwall 14
and XD",3/26/2020,"Rockwall, TX",54
Movies 8 Round Rock,3/26/2020,"Round Rock, TX",23
Pappas Bar-B-Q 06,3/26/2020,"Houston, TX",39
"Cinemark Southpark
Meadows",3/26/2020,"Austin, TX",58
Fossil Group,3/26/2020,"Dallas, TX",222
Kirchhoff Automotive,3/26/2020,"Garland, TX",148
"Hollywood USA Movies 
15",3/26/2020,"Garland, TX",20
Pappas Bar-B-Q 02,3/26/2020,"Houston, TX",50
Cinemark Grand Prairie,3/26/2020,"Grand Prairie, TX",54
Pappas Bar-B-Q 03,3/26/2020,"Houston, TX",32
Lewis Energy-Encinal,3/26/2020,"Encinal, TX",187
Cinemark McKinney,3/26/2020,"McKinney, TX",67
"Tincup Water Solutions, LLC",3/26/2020,"Stockdale, TX",127
McCreless Mall 10,3/26/2020,"San Antonio, TX",21
North East Mall 18,3/26/2020,"Hurst, TX",62
Tinseltown San Angelo,3/26/2020,"San Angelo, TX",47
Harker Heights 16,3/26/2020,"Harker Heights, TX",48
Cinemark Temple 12,3/26/2020,"Temple, TX",43
"Cinemark Stone Hill
Town Center",3/26/2020,"Pflugerville, TX",29
Cinemark 12 and XD,3/26/2020,"Mansfield, TX",53
Pappas Bar-B-Q 04,3/26/2020,"Houston, TX",58
Pappasito's 19,3/26/2020,"Houston, TX",28
Pappasito's 18,3/26/2020,"Houston, TX",29
Suitsupply-Houston,3/26/2020,"Houston, TX",15
Suitsupply-The Woodlands,3/26/2020,"The Woodlands, TX",6
Cinemark 12 Cypress,3/26/2020,"Cypress, TX",67
Brazos Town Center 12,3/26/2020,"Rosenberg, TX",34
Pappasito's 14,3/26/2020,"Houston, TX",128
Victoria Mall,3/26/2020,"Victoria, TX",23
Hydraulic Fracturing Facility,3/26/2020,"Midland, TX",388
Suitsupply-Plano,3/26/2020,"Plano, TX",9
Pappas Bar-B-Q 08,3/26/2020,"Houston, TX",43
Pappasito's 21,3/26/2020,"Houston, TX",117
Cinemark Lufkin 12,3/26/2020,"Lufkin, TX",28
Pappasito's 22,3/26/2020,"Houston, TX",117
Movies 14 Lancaster,3/26/2020,"Lancaster, TX",54
Pappasito's 23,3/26/2020,"Shenandoah, TX",180
Pappas Bar-B-Q 01,3/26/2020,"Houston, TX",44
MicroStar Quality Services,3/26/2020,"Eagle Pass, TX",74
Athens Cinema 4,3/26/2020,"Athens, TX",9
Cinemark Webster,3/26/2020,"Webster, TX",77
"Cinemark at Market
Street",3/26/2020,"The Woodlands, TX",15
Cinemark Brownsville,3/26/2020,"Brownsville, TX",57
Cinemark Houston,3/26/2020,"Houston, TX",53
Movies 10 Brownsville,3/26/2020,"Brownsville, TX",30
"Cinemark New Caney
and XD",3/26/2020,"New Caney, TX",43
Cinemark 17,3/26/2020,"Dallas, TX",58
Cinemark 19,3/26/2020,"Katy, TX",61
Tinseltown USA Pflugerville,3/26/2020,"Pflugerville, TX",97
Cinemark Harlingen,3/26/2020,"Harlingen, TX",68
"Cinemark Spring Town
Center",3/26/2020,"Spring, TX",27
Movies 18,3/26/2020,"College Station, TX",69
Pappas Bar-B-Q 09,3/26/2020,"Humble, TX",59
Century 16 XD and IMAX,3/26/2020,"Corpus Christi, TX",88
"Cinemark Hill Country
Galleria",3/26/2020,"Austin, TX",44
Pappas Bar-B-Q 10,3/26/2020,"Webster, TX",31
Movies 12 Laredo,3/26/2020,"Laredo, TX",29
Cinemark Mall Del Norte,3/26/2020,"Laredo, TX",54
Movies 10 Harlingen,3/26/2020,"Harlingen, TX",22
Pappas Bar-B-Q 12,3/26/2020,"Houston, TX",46
Hollywood USA,3/26/2020,"Pasadena, TX",64
Pappas Bar-B-Q 13,3/26/2020,"Houston, TX",39
"Cinemark @ Alliance
Towne Center",3/26/2020,"Fort Worth, TX",64
Quick Weight Loss Centers - Conroe,3/25/2020,"Conroe, TX",4
Quick Weight Loss Centers - Cinco Ranch,3/25/2020,"Houston, TX",4
Alsco - Kyle,3/25/2020,"Kyle, TX",3
Quick Weight Loss Centers - FM 1960,3/25/2020,"Houston, TX",4
The St. Anthony Hotel,3/25/2020,"San Antonio, TX",208
Legacy West,3/25/2020,"Plano, TX",82
FTS International Services-Aledo,3/25/2020,"Aledo, TX",72
Quick Weight Loss Centers - Humble,3/25/2020,"Humble, TX",3
Quick Weight Loss Centers - Pasadene,3/25/2020,"Pasadena, TX",4
Quick Weight Loss Centers - HWY 6,3/25/2020,"Houston, TX",4
Pappasito's 11,3/25/2020,"San Antonio, TX",137
Hyatt Regency Houston,3/25/2020,"Houston, TX",67
Quick Weight Loss Centers - Spring Stuebner Rd,3/25/2020,"Spring, TX",4
Alsco-Oliver St,3/25/2020,"Houston, TX",58
Quick Weight Loss Centers - Katy,3/25/2020,"Spring, TX",4
Saint Arnold Brewing Co.,3/25/2020,"Houston, TX",135
Hyatt Regency Houston Galeria,3/25/2020,"Houston, TX",110
Quick Weight Loss Centers - Pearland,3/25/2020,"Webster, TX",4
Quick Weight Loss Center - 9000 SW Frwy,3/25/2020,"Houston, TX",5
Quick Weight Loss Centers - Westheimer,3/25/2020,"Houston, TX",4
Quick Weight Loss Centers - Cypress,3/25/2020,"Cypress, TX",4
Quick Weight Loss Centers - Webster,3/25/2020,"Webster, TX",5
Quick Weight Loss Centers - 2615 SW Frwy,3/25/2020,"Houston, TX",4
Quick Weight Loss Centers - Spring Sawdust,3/25/2020,"Spring, TX",4
Quick Weight Loss Centers - Rosenberg,3/25/2020,"Rosenberg, TX",4
Marriott City Place-Spicewood Village,3/24/2020,"Spring, TX",73
Four Seasons Hotel-Houston,3/24/2020,"Houston, TX",344
Jostens,3/24/2020,"Denton, TX",142
Cameron Mitchell Restaurants,3/24/2020,"Dallas, TX",125
Autobahn Imports,3/24/2020,"Ft. Worth, TX",124
Take 5 Department 548,3/23/2020,"Webster, TX",4
Take 5 Department 511,3/23/2020,"Irving, TX",7
Schulte Companies-Richland Hills,3/23/2020,"San Antonio, TX",19
Schulte Companies-Loop 1604,3/23/2020,"San Antonio, TX",13
Schulte Companies-Navarro St.,3/23/2020,"San Antonio, TX",21
Schulte Companies-Houston,3/23/2020,"Houston, TX",18
Schulte Companies-Dallas,3/23/2020,"Dallas, TX",2
Schulte Companies-E. Houston,3/23/2020,"San Antonio, TX",22
Schulte Companies-Cinema Ridge,3/23/2020,"San Antonio, TX",19
Take 5 Department 527,3/23/2020,"Dallas, TX",7
Take 5 Department 512,3/23/2020,"Irving, TX",5
Take 5 Department 51,3/23/2020,"Garland, TX",7
Take 5 Department 203,3/23/2020,"Garland, TX",3
Take 5 Department 204,3/23/2020,"Fort Worth, TX",8
Take 5 Department 533,3/23/2020,"Sachse, TX",6
Take 5 Department 107,3/23/2020,"Huntsville, TX",4
Hilton Houston Galeria,3/23/2020,"Houston, TX",35
Take 5 Department 558,3/23/2020,"Houston, TX",4
Take 5 Department 560,3/23/2020,"Houston, TX",3
Take 5 Department 561,3/23/2020,"Humble, TX",6
Take 5 Department 562,3/23/2020,"Channelview, TX",6
Take 5 Department 608,3/23/2020,"Houston, TX",3
Take 5 Department 101,3/23/2020,"Spring, TX",5
Take 5 Department 566,3/23/2020,"Houston, TX",3
Take 5 Department 109,3/23/2020,"College Station, TX",4
Take 5 Department 117,3/23/2020,"Missouri City, TX",7
Take 5 Department 507,3/23/2020,"Hudson Oaks, TX",2
Take 5 Department 540,3/23/2020,"Houston, TX",3
Take 5 Department 541,3/23/2020,"Houston, TX",7
Take 5 Department 103,3/23/2020,"Pasadena, TX",4
Take 5 Department 543,3/23/2020,"Houston, TX",4
Dyn365 dba Restaurant365,3/23/2020,"Austin, TX",95
Collegiate Hotel Group,3/23/2020,"Dallas, TX",35
Take 5 Department 171,3/23/2020,"San Antonio, TX",4
Take 5 Department 173,3/23/2020,"San Antonio, TX",5
Take 5 Department 174,3/23/2020,"San Antonio, TX",6
Take 5 Department 176,3/23/2020,"San Antonio, TX",4
Take 5 Department 557,3/23/2020,"Houston, TX",3
Alsco - Houston,3/23/2020,"Houston, TX",128
Hard Rock Café,3/23/2020,"Houston, TX",39
Maines Paper & Food Service,3/23/2020,"Terrell, TX",41
Take 5 Department 82,3/23/2020,"Houston, TX",4
Take 5 Department 81,3/23/2020,"Houston, TX",9
Take 5 Department 83,3/23/2020,"Spring, TX",5
Take 5 Department 86,3/23/2020,"Houston, TX",5
Take 5 Department 97,3/23/2020,"Cypress, TX",6
Cantina Del Rio,3/23/2020,"New Braunfels, TX",52
Take 5 Department 431,3/23/2020,"Lake Worth, TX",6
Take 5 Department 245,3/23/2020,"Houston, TX",6
Take 5 Department 246,3/23/2020,"Hale Center, TX",6
Take 5 Department 253,3/23/2020,"Houston, TX",5
Take 5 Department 414,3/23/2020,"La Porte, TX",3
Take 5 Department 415,3/23/2020,"Houston, TX",3
Take 5 Department 104,3/23/2020,"Spring, TX",5
Take 5 Deaprtment 427,3/23/2020,"Houston, TX",4
Take 5 Department 233,3/23/2020,"Pearland, TX",6
Take 5 Department 555,3/23/2020,"Katy, TX",7
Take 5 Department 556,3/23/2020,"Houston, TX",6
Take 5 Department 564,3/23/2020,"Crosby, TX",5
Take 5 Department 565,3/23/2020,"League City, TX",5
Take 5 Department 64,3/23/2020,"Dallas, TX",8
Take 5 Department 66,3/23/2020,"Mesquite, TX",9
Take 5 Department 416,3/23/2020,"Tomball, TX",7
Take 5 Department 172,3/23/2020,"San Antonio, TX",2
Take 5 Department 73,3/23/2020,"Duncanville, TX",5
Take 5 Department 542,3/23/2020,"Katy, TX",4
Take 5 Department 544,3/23/2020,"Humble, TX",9
Take 5 Department 545,3/23/2020,"Houston, TX",3
Take 5 Department 547,3/23/2020,"Deer Park, TX",5
Take 5 Department 105,3/23/2020,"Spring, TX",6
Take 5 Department 238,3/23/2020,"Missouri City, TX",4
Eviti Gaming Headquarters,3/23/2020,"Austin, TX",183
Take 5 Department 235,3/23/2020,"Houston, TX",6
Take 5 Department 205,3/23/2020,"Houston, TX",6
Take 5 Department 217,3/23/2020,"Pasadena, TX",4
Take 5 Department 226,3/23/2020,"Conroe, TX",3
Take 5 Department 230,3/23/2020,"Pasadena, TX",2
Take 5 Department 231,3/23/2020,"Baytown, TX",9
Take 5 Department 106,3/23/2020,"Conroe, TX",4
Eveti Production Facility,3/23/2020,"Austin, TX",48
Hooters - Beltline Rd.,3/23/2020,"Addison, TX",36
Take 5 Department 549,3/23/2020,"Rosenberg, TX",3
Hooters - Ingram Rd.,3/23/2020,"San Antonio, TX",59
Hooters - San Pedro,3/23/2020,"San Antonio, TX",46
Hooters - Commerce St.,3/23/2020,"San Antonio, TX",35
Hooters -  Selma,3/23/2020,"Selma, TX",36
Hooters - Rudder Fwy,3/23/2020,"Bryan, TX",53
Hooters - Bass Pro Dr.,3/23/2020,"Harlingen, TX",61
Take 5 Department 530,3/23/2020,"Murphy, TX",8
Hooters - S. Padre Island Dr,3/23/2020,"Corpus Christi, TX",51
Hooters - Wurbach Rd.,3/23/2020,"San Antonio, TX",40
Hooters - N. Lamar,3/23/2020,"Dallas, TX",80
Hooters - N. Bass Pro Dr.,3/23/2020,"Garland, TX",42
Hooters - IH 20 West,3/23/2020,"Grand Prairie, TX",66
Hooters - N. Beltline,3/23/2020,"Irving, TX",50
Hooters - Market Place Blvd.,3/23/2020,"Irving, TX",36
Hooters - Towne Crossing Blvd.,3/23/2020,"Mesquite, TX",58
Take 5 Department 184,3/23/2020,"San Antonio, TX",5
Hooters - Sherwood Way,3/23/2020,"San Angelo, TX",47
Take 5 Department 194,3/23/2020,"Schertz, TX",6
Take 5 Department 185,3/23/2020,"Universal City, TX",7
Take 5 Department 186,3/23/2020,"Live Oak, TX",5
Take 5 Department 187,3/23/2020,"Converse, TX",4
Take 5 Department 188,3/23/2020,"San Antonio, TX",4
Take 5 Department 189,3/23/2020,"New Braunfels, TX",8
Take 5 Department 190,3/23/2020,"San Antonio, TX",5
Take 5 Department 191,3/23/2020,"San Antonio, TX",6
Take 5 Department 49,3/23/2020,"Dallas, TX",5
Take 5 Department 193,3/23/2020,"Canyon Lake, TX",9
Hooters - Heards Ln.,3/23/2020,"Galveston, TX",63
Take 5 Department 195,3/23/2020,"Boerne, TX",1
Take 5 Department 196,3/23/2020,"San Antonio, TX",6
Take 5 Department 197,3/23/2020,"Helotes, TX",5
Take 5 Department 505,3/23/2020,"Burleson, TX",3
Hooters,3/23/2020,"Kirby, TX",52
Take 5 Department 506,3/23/2020,"Cedar Hill, TX",5
Take 5 Department 509,3/23/2020,"Mineral Wells, TX",5
Take 5 Department 192,3/23/2020,"San Antonio, TX",5
Hooters - Preston Rd.,3/23/2020,"Frisco, TX",26
Hooters - FM 1960,3/23/2020,"Houston, TX",28
Hooters - SW Blvd.,3/23/2020,"Fort Worth, TX",20
Hooters - Throckmorton,3/23/2020,"Fort Worth, TX",50
Hooters - Crossroads,3/23/2020,"Grapevine, TX",49
Hooters - Grapevine Hwy,3/23/2020,"Richland Hills, TX",50
Hooters - Sunmount,3/23/2020,"El Paso, TX",75
Hooters - State Line,3/23/2020,"Texarkana, TX",33
Hooters - N. Collins,3/23/2020,"Arlington, TX",64
Hooters - Uptown,3/23/2020,"Cedar Hill, TX",45
Hooters - Overland Trl,3/23/2020,"Abilene, TX",40
Hooters - Plano,3/23/2020,"Plano, TX",36
Hooters - Call Field Rd.,3/23/2020,"Wichita Falls, TX",31
Hooters - Denton,3/23/2020,"Denton, TX",54
Hooters - S. Stemmons,3/23/2020,"Lewisville, TX",51
Hooters - N. Central Exwy,3/23/2020,"McKinney, TX",37
Alsco-Center Branch,3/23/2020,"Houston, TX",1
Holiday Inn-Austin,3/23/2020,"Austin, TX",67
Hooters - East Expressway,3/23/2020,"McAllen, TX",50
Hooters - Jack Kultgen Fwy,3/23/2020,"Waco, TX",36
Hooters - Tombail Fwy,3/23/2020,"Houston, TX",37
Hooters - Katy Fwy,3/23/2020,"Katy, TX",531
Hooters - Hwy 59 North,3/23/2020,"Humble, TX",53
Hooters - Sam Houston,3/23/2020,"Pasadena, TX",62
Hooters - South Fwy,3/23/2020,"Pearland, TX",51
Hooters - NASA Rd.,3/23/2020,"Seabrook, TX",44
Hooters - Gulf Fwy,3/23/2020,"Webster, TX",46
Hooters - West I-20,3/23/2020,"Arlington, TX",60
Take 5 Department 110,3/23/2020,"Bryan, TX",4
Hooters - 4710 I-0 East,3/23/2020,"Baytown, TX",46
Hooters - 40 West,3/23/2020,"Amarillo, TX",47
Hooters - S.W. Fwy,3/23/2020,"Stafford, TX",45
Hooters - 850 I-10,3/23/2020,"Beaumont, TX",37
Hooters - San Bernardo,3/23/2020,"Laredo, TX",39
Hooters - John Ben Shepperd Pkwy.,3/23/2020,"Odessa, TX",69
Hooters - 27001 H35,3/23/2020,"Round Rock, TX",80
Hooters - San Marcos,3/23/2020,"San Marcos, TX",61
Houston Marriott Westchase,3/23/2020,"Houston, TX",175
Take 5 Department 503,3/23/2020,"Burleson, TX",3
Tske 5 Department 510,3/23/2020,"Bedford, TX",3
Take 5 Department 435,3/23/2020,"Saginaw, TX",7
Take 5 Department 436,3/23/2020,"Magnolia, TX",3
Take 5 Department 441,3/23/2020,"Lubbock, TX",5
Take 5 Department 442,3/23/2020,"Lubbock, TX",10
Take 5 Department 444,3/23/2020,"Lubbock, TX",6
Take 5 Department 433,3/23/2020,"Tomball, TX",4
Take 5 Department 502,3/23/2020,"Arlington, TX",4
Take 5 Department 425,3/23/2020,"Fort Worth, TX",9
Take 5 Department 57,3/23/2020,"Dallas, TX",5
Chalk Mountain Services of Texas LLC,3/23/2020,"Kermit, TX",46
Take 5 Department 61,3/23/2020,"Dallas, TX",7
Take 5 Department 500,3/23/2020,"Aledo, TX",3
Rabalais I & E,3/23/2020,"Texas City, TX",110
US Steel Tubular - Lone Star Tubualr,3/23/2020,"Lone Star, TX",593
OTG Management,3/23/2020,"Houston, TX",353
Take 5 Department 501,3/23/2020,"Arlington, TX",4
Take 5 Department 206,3/23/2020,"Pflugerville, TX",7
Take 5 Department 58,3/23/2020,"Dallas, TX",8
Hooters - Hwy 6 South,3/23/2020,"Houston, TX",31
Take 5 Department 183,3/23/2020,"San Antonio, TX",5
Take 5 Department 62,3/23/2020,"Garland, TX",6
Take 5 Deaprtment 63,3/23/2020,"Dallas, TX",8
Take 5 Department 68,3/23/2020,"Richardson, TX",5
Take 5 Department 554,3/23/2020,"Katy, TX",6
Take 5 Department 96,3/23/2020,"Fort Worth, TX",8
Chalk Montain Services of Texas LLC - Pleasanton,3/23/2020,"Pleasanton, TX",219
Take 5 Department 209,3/23/2020,"San Marcos, TX",8
Take 5 Department 212,3/23/2020,"Temple, TX",3
Take 5 Department 276,3/23/2020,"Killeen, TX",8
Take 5 Department 241,3/23/2020,"Austin, TX",5
Take 5 Department 244,3/23/2020,"Austin, TX",7
Take 5 Department 405,3/23/2020,"San Antonio, TX",4
Take 5 Department 421,3/23/2020,"Plano, TX",6
Take 5 Department 79,3/23/2020,"Spring, TX",3
Take 5 Department 550,3/23/2020,"Houston, TX",4
Take 5 Department 598,3/23/2020,"Amarillo, TX",4
Take 5 Department 513,3/23/2020,"Andrews, TX",3
Take 5 Department 70,3/23/2020,"Plano, TX",6
Take 5 Department 504,3/23/2020,"Burleson, TX",6
Take 5 Department 72,3/23/2020,"Texarkana, TX",4
Take 5 Department 208,3/23/2020,"Lewisville, TX",4
Take 5 Department 202,3/23/2020,"San Marcos, TX",6
Take 5 Department 596,3/23/2020,"San Antonio, TX",3
Take 5 Department 201,3/23/2020,"San Antonio, TX",4
Take 5 Department 69,3/23/2020,"Plano, TX",4
Take 5 Department 177,3/23/2020,"San Antonio, TX",5
America's Auto Auction,3/23/2020,"Conroe, TX",17
America's Auto Auction - Almeda-Genoa Rd,3/23/2020,"Houston, TX",58
America's Auton Auction - Almed-Genoa Rd.,3/23/2020,"Irving, TX",10
Take 5 Department 178,3/23/2020,"San Antonio, TX",2
Take 5 Department 180,3/23/2020,"San Antonio, TX",5
Take 5 Department 181,3/23/2020,"San Antonio, TX",10
Take 5 Department 182,3/23/2020,"San Antonio, TX",5
Take 5 Department 200,3/23/2020,"Spring Branch, TX",4
Take 5 Department 519,3/23/2020,"Odessa, TX",9
Take 5 Department 514,3/23/2020,"Big Spring, TX",4
Take 5 Department 515,3/23/2020,"Midland, TX",5
Take 5 Department 516,3/23/2020,"Midland, TX",7
Take 5 Department 517,3/23/2020,"Midland, TX",6
Take 5 Department 518,3/23/2020,"Odessa, TX",5
Take 5 Department 59,3/23/2020,"Dallas, TX",5
Take 5 Department 520,3/23/2020,"Canyon, TX",5
Take 5 Department 521,3/23/2020,"Hereford, TX",4
Take 5 Department 522,3/23/2020,"Lubbock, TX",6
Take 5 Department 523,3/23/2020,"Plainview, TX",4
Take 5 Department 524,3/23/2020,"Abilene, TX",6
Take 5 Department 525,3/23/2020,"Lubbock, TX",3
Take 5 Department 526,3/23/2020,"Lubbock, TX",4
Take 5 Department 529,3/23/2020,"Lubbock, TX",4
Take 5 Department 552,3/23/2020,"Baytown, TX",6
Vacation Publications dba Vacations To,3/22/2020,"Houston, TX",325
CBC Restaurant Corp. dba Corner Bakery Café,3/22/2020,"Dallas, TX",67
Wyndham San Antonio Riverwalk,3/21/2020,"San Antonio, TX",141
Embassy Suites-San Antonio,3/21/2020,"San Antonio, TX",41
Marriott Dallas Addison Quorum by the Galleria,3/21/2020,"Dallas, TX",79
Marriott Odessa Hotel,3/21/2020,"Odessa, TX",127
Austin Hotel and Residences,3/21/2020,"Austin, TX",210
Warwick Melrose Hotel,3/20/2020,"Dallas, TX",113
Sheraton Ft. Worth,3/20/2020,"Ft. Worth, TX",164
Virgin Hotels Dallas,3/20/2020,"Dallas, TX",199
FTS International Services-Odessa,3/20/2020,"Odessa, TX",207
Sydell Hotels LLC,3/20/2020,"Austin, TX",181
Hilton Lincoln Center,3/20/2020,"Dallas, TX",97
Tapatio Springs Resort,3/20/2020,"Boerne, TX",58
Sport Clips,3/20/2020,"Georgetown, TX",66
Benchmark Hospitality of Corpus Christi,3/20/2020,"Corpus Ch, TX",115
SA Burger,3/20/2020,"San Marcos, TX",5
Rio Plaza,3/20/2020,"San Antonio, TX",3
Mule Restaurant Group,3/20/2020,"San Antonio, TX",147
Four Seasons Hotel-Austin,3/20/2020,"Austin, TX",369
Hilton-Arlington,3/20/2020,"Arlington, TX",83
Marriott Austin South,3/19/2020,"Austin, TX",69
El Fenix,3/19/2020,"Dallas, TX",70
Apache Corp.-Midland,3/19/2020,"Midland, TX",85
Punch Bowl Social,3/19/2020,"Dallas, TX",93
Punch Bowl Social-Domain,3/19/2020,"Austin, TX",92
Tenaris-IPSCO Koppel Tubulars,3/19/2020,"Baytown, TX",223
Texas Central School Bus,3/19/2020,"Keller, TX",309
Sheraton Suites Market Center,3/19/2020,"Dallas, TX",56
Punch Bowl Social-Congress,3/19/2020,"Austin, TX",130
FTS International Services-Pleasnton,3/19/2020,"Pleasanton, TX",207
Uncle Julio's-Dallas,3/19/2020,"Dallas, TX",82
Haliburton Energy Services-N. Sam Houston,3/18/2020,"Houston, TX",3500
FTS International Services,3/17/2020,"Ft. Worth, TX",35
Four Seasons Resort,3/17/2020,"Irving, TX",100
Ra Sushi Addison Corp,3/17/2020,"Addison, TX",36
Schulte Companies-NE Loop 410,3/16/2020,"San Antonio, TX",27
Alamo Drafthouse-Katy,3/16/2020,"Katy, TX",121
Alamo Drafthouse-Lubbock,3/16/2020,"Lubbock, TX",121
Pappadeaux Seafood Kitchen 04,3/16/2020,"Houston, TX",100
Aramark Educational Services of TX,3/16/2020,"San Antonio, TX",420
Alamo Drafthouse - El Paso,3/16/2020,"El Paso, TX",116
"Hohmann & Barnard, Inc.",3/13/2020,"Fort Worth, TX",13
M&M Manufacturing,3/13/2020,"Fort Worth, TX",43
SXSW,3/10/2020,"Austin, TX",60
"Cargo Leasing Services, LLC",3/9/2020,"San Antonio, TX",60
"Aryzta, LLC",3/6/2020,"Austin, TX",95
Concentrix CVG,3/5/2020,"Laredo, TX",135
USAA - San Antonio,3/3/2020,"San Antonio, TX",26
"NortonLifeLock, Inc.",2/28/2020,"Plano, TX",2
Windhaven Insurance-Dallas,2/26/2020,"Dallas, TX",96
TPC Group's,2/25/2020,"Port Neches, TX",100
Bellaire Medical Center-Cornerstone Specialty Hospitals,2/25/2020,"Houston, TX",126
King's Manor Methodist Retirement System-Westgate Nursing Home,2/25/2020,"Hereford, TX",70
Windhaven Insurance-Austin,2/25/2020,"Austin, TX",35
Blue Apron- Arlington,2/21/2020,"Arlington, TX",254
AmerisourceBergen-PharMedium Healthcare,2/19/2020,"Sugar Land, TX",365
"Alta Mesa Services, LP",2/18/2020,"Houston, TX",91
Railcrew Xpress-RCX Logistics-Austin,2/12/2020,"Austin, TX",88
XPO Logistics-Ft Worth,2/12/2020,"Ft. Worth, TX",304
Railcrew Express-RCX Logistics,2/12/2020,"Houston, TX",110
Watson Grinding and Manufacturing,2/5/2020,"Houston, TX",88
Transform SR LLC #01377-and #06222 Formally Sears,2/4/2020,"Houston, TX",77
Waitr and Bite Squad,2/3/2020,"Beaumont, TX",219
TTEC - Ennis,1/31/2020,"Ennis, TX",50
Gulf Stream Marine - Industrial Terminal Facility,1/31/2020,"Houston, TX",210
Coca Cola-Southwest Beverages-Nacogdoches,1/30/2020,"Nacogdoches, TX",74
"Sheridan Production Company, LLC",1/29/2020,"Andrews, TX",116
At Home with Shanel,1/28/2020,"Plano, TX",1
Sheridan Production Co.-Houston,1/27/2020,"Houston, TX",130
Concentrix CVG CORP,1/21/2020,"Longview, TX",127
Comcast-Technician Logistics Center,1/15/2020,"Houston, TX",58
Belk-Dallas Galleria,1/15/2020,"Dallas, TX",68
Kindred Hospital Spring,1/15/2020,"Houston, TX",160
Kindred Hospital-Ft. Worth,1/15/2020,"Ft. Worth, TX",180
Kindred Hospital-Dallas,1/15/2020,"Dallas, TX",201
Fluor - Glen Rose,1/13/2020,"Glen Rose, TX",70
Kindred Hospital-Bay Area,1/8/2020,"Pasadena, TX",137
Kindred Hospital-Tomball,1/8/2020,"Tomball, TX",147
Triumph Hospital - The Heights,1/8/2020,"Houston, TX",138
Apache Corp-San Antonio,1/6/2020,"San Antonio, TX",272
"Valerus Field Solutions, LP",1/6/2020,"Sealy, TX",250
"Fleetwood Transportation Services, Inc.& Fleetwood Logistics",1/3/2020,"Burke, TX",49
Ambit Energy - Call Center & Sales Support Office,30-Dec-19,"Plano, TX",50
"NortonLifeLock, Inc.",23-Dec-19,"Plano, TX",8
"Event Solutions International, Inc. dba Motus One (ESI)",20-Dec-19,"Carrollton, TX",18
Car2go,19-Dec-19,"Austin, TX",47
Yauatcha Houston,18-Dec-19,"Houston, TX",80
Stewart and Stevenson,13-Dec-19,"Houston, TX",55
Pumpco Energy Services-Cleburne,10-Dec-19,"Cleburne, TX",5
New LifeCare Management Services dba LifeCare Health Partners,26-Nov-19,"Plano, TX",9
National Oilwell Varco -Galena Park,22-Nov-19,"Galena Park, TX",85
Pumpco Energy Services-Odessa,22-Nov-19,"Odessa, TX",112
"NortonLifeLock, Inc.",19-Nov-19,"Plano, TX",34
Nuvectra Corporation,20-Nov-19,"Plano, TX",14
"TimkenSteel Material Services, LLC",19-Nov-19,"Houston, TX",94
"Range Production Company, LLC.",14-Nov-19,"Houston, TX",57
"Convergent Outsourcing, Inc.",07-Nov-19,"San Antonio, TX",40
Nix Hospital-Nix Behavioral Health Center,06-Nov-19,"San Antonio, TX",972
Geo Secure Services LLC,06-Nov-19,"San Antonio, TX",158
Oakwood Worldwide,29-Oct-19,"Carrollton, TX",1
Samsung Austin Semiconductors LLC-Central Processing Unit,29-Oct-19,"Austin, TX",290
Harte-Hanks,23-Oct-19,"Austin, TX",146
Cudd Energy Services,23-Oct-19,"San Antonio, TX",117
Vesuvius USA-Tyler,21-Oct-19,"Tyler, TX",9
"Arconic, Inc.",18-Oct-19,"Elmendorf, TX",67
"Ultrafryer Systems, LLC",17-Oct-19,"San Antonio, TX",70
"Arconic, Inc.",17-Oct-19,"Elmendorf, TX",67
HRP Brownsville LLC dba Steel Coast,15-Oct-19,"Brownsville, TX",100
Hotel Valencia Corp.-Hotel Sorella,11-Oct-19,"Houston, TX",121
Letter Ride-Howard Ln.,04-Oct-19,"Austin, TX",91
Letter Ride-W. Fuqua,04-Oct-19,"Houston, TX",87
Letter Ride-N. Stemmons,04-Oct-19,"Farmers Branch, TX",64
Letter Ride-Gold Spike Dr.,04-Oct-19,"Ft. Worth, TX",71
Letter Ride-Evergreen Oak,04-Oct-19,"Conroe, TX",12
Letter Ride-North Gessner,04-Oct-19,"Houston, TX",98
Nix Specialty Health-Behavioral Facility,04-Oct-19,"San Antonio, TX",156
Inpax Final Mile Delivery-Farmers Branch,01-Oct-19,"Farmers Branch, TX",109
Inpax Final Mile Delivery-Garland,01-Oct-19,"Garland, TX",119
Walmart #3506,30-Sep-19,"Cypress, TX",80
Dry Van Business dba Rich Logistics-Dallas,27-Sep-19,"Dallas, TX",98
Dry Van Business dba Rich Logistics-Laredo,27-Sep-19,"Laredo, TX",111
Stevens Tanker Division,26-Sep-19,"Dallas, TX",71
Nobilis Health Corp.-Sugarland,26-Sep-19,"Sugar Land, TX",36
Finisar Corporation,26-Sep-19,"Allen, TX",104
New LifeCare Management Services dba LifeCare Health Partners,25-Sep-19,"Plano, TX",33
Nobilis Health Corp.,20-Sep-19,"Houston, TX",9
Nestle USA-Supply Chain Frozen DSD,16-Sep-19,"Houston, TX",51
State Street Financial Services-Alterra Pkwy,12-Sep-19,"Austin, TX",51
"State Street Financial Services, Inc",12-Sep-19,"Austin, TX",9
Concentrix CVG CORP,10-Sep-19,"Longview, TX",177
"O-I (Owens-Illinois, Inc./Owens-Brockway Glass Container, Inc.)",05-Sep-19,"Waco, TX",81
El Rio Grande Facility,03-Sep-19,"Garland, TX",116
New LifeCare Management Services dba LifeCare Health Partners,30-Aug-19,"Plano, TX",13
AECON-Flint Energy Services-Pecos,27-Aug-19,"Pecos, TX",50
AECOM-Flint Energy Services-Odessa,27-Aug-19,"Odessa, TX",77
Nix Home Care Facility,23-Aug-19,"San Antonio, TX",585
"Epic Companies, LLC",21-Aug-19,"Houston, TX",8
United Structures of America,21-Aug-19,"Houston, TX",73
Welocalize,16-Aug-19,"Houston, TX",100
Teleperformance USA-Dallas,16-Aug-19,"Dallas, TX",44
"SpiceWorks, Inc.",14-Aug-19,"Austin, TX",59
Centrica,09-Aug-19,"Houston, TX",23
UPS General Services Co.,08-Aug-19,"Coppell, TX",64
"MV Transportation, Inc-Dallas",30-Jul-19,"Dallas, TX",129
Southwest Key Programs-Conroe,30-Jul-19,"Conroe, TX",197
Anjinomoto Foods - Fort Worth Facility,30-Jul-19,"Fort Worth, TX",117
"True Health Diagnostics, LLC",29-Jul-19,"Frisco, TX",16
Siemens Energy Inc-Houston Service Center,24-Jul-19,"Houston, TX",10
Centrica,22-Jul-19,"Houston, TX",54
Boeing - El Paso,22-Jul-19,"El Paso, TX",2
FutureWei-Plano Facility,22-Jul-19,"Plano, TX",38
Tramontina USA,09-Jul-19,"Sugar Land, TX",108
BGIS-San Antonio Data Center,02-Jul-19,"San Antonio, TX",45
Aramark-University of Houston,27-Jun-19,"Houston, TX",115
Sodexo-Northwest Texas Hospital,25-Jun-19,"Amarillo, TX",95
Albertsons #3933,21-Jun-19,"El Paso, TX",90
Siemens Energy Inc-Houston Service Center,14-Jun-19,"Houston, TX",14
Syngenta Crop Protection LLC-GBB Facility,10-Jun-19,"Houston, TX",135
"Aprima Medical Software, Inc. an eMD's Co.",04-Jun-19,"Richardson, TX",19
Hard Rock Café International,31-May-19,"Dallas, TX",27
Holiday Inn-San Antonio,24-May-19,"San Antonio, TX",61
Pine Creek Medical Center,20-May-19,"Dallas, TX",113
"United Airlines, Inc.-Passanger Revenue Accounting",13-May-19,"Houston, TX",100
"Dolce International Fort Worth, Inc.-American Airlines Training Ctr.",13-May-19,"Ft. Worth, TX",56
Product & Logistics-Monahans,08-May-19,"Monahans, TX",124
Mitratech Holdings,01-May-19,"Austin, TX",83
Falcon Transport Co.-Cedar Hill,30-Apr-19,"Cedar Hill, TX",12
Falcon Transport Co.,30-Apr-19,"Hutchins, TX",19
"Wise Foods, Inc.",29-Apr-19,"Ft. Worth, TX",80
United Services Automobile Association (USAA),25-Apr-19,"San Antonio, TX",53
Boeing - El Paso,24-Apr-19,"El Paso, TX",2
"P3I, Inc.",24-Apr-19,"Lackland AFB, TX",85
First Transit-Transit Management of Denton Co.,23-Apr-19,"Denton, TX",160
Vesuvius USA-Tyler,18-Apr-19,"Tyler, TX",9
"Alta Mesa Services, LP",09-Apr-19,"Houston, TX",13
Volt Management Corp.,08-Apr-19,"San Antonio, TX",42
Kohler Co.,08-Apr-19,"Brownwood, TX",223
Aramark-American Airlines,05-Apr-19,"Ft. Worth, TX",70
Aramark-Highway 360,05-Apr-19,"Ft. Worth, TX",12
Aramark-American Blvd,05-Apr-19,"Ft. Worth, TX",6
Aramark-Airport Frwy,05-Apr-19,"Ft. Worth, TX",10
Aramark-John Carpenter Fwy,05-Apr-19,"Ft. Worth, TX",3
Aramark-Amon Carter Blvd,05-Apr-19,"Ft. Worth, TX",19
La Torretta Lake Resort,04-Apr-19,"Montgomery, TX",241
Sitel-Amarillo,04-Apr-19,"Amarillo, TX",327
Walmart #949,03-Apr-19,"Dallas, TX",415
Ware Industries dba Marino Ware-Norbet Trucking,02-Apr-19,"Pasadena, TX",69
Signet Jewelers-Rombaur Rd.,01-Apr-19,"Dallas, TX",58
Yodle.com- Yodle Web.com,29-Mar-19,"Austin, TX",10
"Legacy Measurement Solutions, Inc.",29-Mar-19,"Tyler, TX",59
Hart-Hanks-Texarkana,28-Mar-19,"Texarkana, TX",73
"Teleperformance USA-FHCS, Inc.",28-Mar-19,"Dallas, TX",390
Avella Specialty Pharmacy,26-Mar-19,"Houston, TX",161
Avella Specialty Pharmacy-Bissonet,26-Mar-19,"Houston, TX",1
Signet Jewelers-Dallas,25-Mar-19,"Dallas, TX",122
Cypress Fairbanks Medical Center,18-Mar-19,"Houston, TX",586
JP Morgan Chase & Co-Consumer Banking & Card,18-Mar-19,"Arlington, TX",368
"Verizon Connect, Inc.",07-Mar-19,"Austin, TX",133
"Aprima Medical Software, Inc. an eMD's Co.",07-Mar-19,"Richardson, TX",149
General Inoformation Services dba HireRight,07-Mar-19,"Dallas, TX",76
CHI St. Joseph Health- Bellville Hospital,05-Mar-19,"Bellville, TX",45
Monogram Foods-Monogram Pet Treats,04-Mar-19,"Schulenburg, TX",65
Magni-Fab,04-Mar-19,"Howe, TX",24
"Natera, Inc.",01-Mar-19,"Austin, TX",92
Magni-Fab Southwest,01-Mar-19,"Howe, TX",5
Petroleum Service Corp.,27-Feb-19,"Mont Belvieu, TX",151
Post Acute Specialty Hospital-PAM Sepcialty Hosptial,25-Feb-19,"Corpus Ch, TX",65
"AmerisourceBergen-H.D. Smith, LLC",25-Feb-19,"Flower Mound, TX",17
Payless Shoesource-Dallas Corp. Office,25-Feb-19,"Dallas, TX",75
Encana Service Company,18-Feb-19,"The Woodlands, TX",274
Rosenberger N.A.,13-Feb-19,"Plano, TX",74
Spectrum Pharmaceuticals,13-Feb-19,"Colleyville, TX",1
VF Jeanswear - El Paso5,11-Feb-19,"El Paso, TX",25
Post Acute Specialty Hospital of Corpus Christi,11-Feb-19,"Corpus Ch, TX",162
"Alta Mesa Services, LP",08-Feb-19,"Houston, TX",58
"KCI USA, Inc.",06-Feb-19,"San Antonio, TX",210
"Penske Logistics, LLC - Midland",04-Feb-19,"Midland, TX",65
Yodle.com- Yodle Web.com,01-Feb-19,"Austin, TX",155
Children's Health System of Texas,31-Jan-19,"Dallas, TX",93
Blue Apron- Arlington,31-Jan-19,"Arlington, TX",206
Kimberly Clark-Holeman Distribution,31-Jan-19,"Paris, TX",126
Boeing Company,29-Jan-19,"Houston, TX",6
Sears Fashion Distribution Center2,18-Jan-19,"Garland, TX",84
"Sodexo, Inc.-AA Admirals Club",18-Jan-19,"DFW Airport, TX",98
AllianceOne Receivables Management,15-Jan-19,"Dallas, TX",236
Kohl's-Dallas,11-Jan-19,"Dallas, TX",330
Chariot Transit Inc.,10-Jan-19,"Austin, TX",79
R1 RCM Inc.,09-Jan-19,"Austin, TX",65
Pier 1 Imports-Mansfield,07-Jan-19,"Mansfield, TX",65
Nestle USA,04-Jan-19,"Fort Worth, TX",42
AllianceOne Receivables Management,15-Jan-19,"Dallas, TX",236
Kohl's-Dallas,11-Jan-19,"Dallas, TX",330
R1 RCM Inc.,09-Jan-19,"Austin, TX",65
Pier 1 Imports-Mansfield,07-Jan-19,"Mansfield, TX",65
Nestle USA,04-Jan-19,"Fort Worth, TX",42
Boeing Company,27-Dec-18,"Houston, TX",1
Wildhorse Resource Development Corp.,13-Dec-18,"Houston, TX",94
Tandem Hospital Partners,11-Dec-18,"Houston, TX",62
Rockdale Family Care Center,05-Dec-18,"Rockdale, TX",45
Petrobras America Inc.,03-Dec-18,"Houston, TX",121
Rockdale Downtown Medical Clinic,03-Dec-18,"Rockdale, TX",45
Cameron Hospital,03-Dec-18,"Cameron, TX",34
Cameron Clinic,03-Dec-18,"Cameron, TX",7
Meridian Surgery Center,03-Dec-18,"Austin, TX",1
Little River Healthcare-gastroenterology,03-Dec-18,"Round Rock, TX",3
Georgetown Orthopedics,03-Dec-18,"Georgetown, TX",32
Georgetown Imaging,03-Dec-18,"Georgetown, TX",13
Harker Heights Women's Center,03-Dec-18,"Harker Heights, TX",4
Killeen Clinic,03-Dec-18,"Killeen, TX",4
Little River Healthcare Pharmacy,03-Dec-18,"Temple, TX",6
King's Daughters Clinic,03-Dec-18,"Temple, TX",4
Temple Surgery Center,03-Dec-18,"Temple, TX",124
Waco Imaging,03-Dec-18,"Waco, TX",6
Central Texas Urology,03-Dec-18,"Waco, TX",33
Manager Group-Austin,03-Dec-18,"Austin, TX",6
Manager Group-Temple,03-Dec-18,"Temple, TX",20
Bergeson Spine Clinic,03-Dec-18,"Georgetown, TX",6
Petrobras America Inc.,03-Dec-18,"Houston, TX",50
Rockdale Hospital,03-Dec-18,"Rockdale, TX",148
Boeing - El Paso,21-Nov-18,"El Paso, TX",2
Comerica Inc.,19-Nov-18,"Dallas, TX",60
"Pioneer Natural Sands, LLC.-Brady Plant",13-Nov-18,"Brady, TX",219
Altice,09-Nov-18,"Lubbock, TX",147
"Product & Logistics Services, LLC.",08-Nov-18,"Von Ormy, TX",16
Product & Logistics-Pleasantville,08-Nov-18,"Pleasanton, TX",172
DAL Global Services-Austin-Bergstrom,08-Nov-18,"Bergstrom AFB, TX",165
Alorica,07-Nov-18,"Beaumont, TX",367
Covia,06-Nov-18,"Voca, TX",93
Boeing - El Paso,05-Nov-18,"El Paso, TX",1
"XLC Services, LLC",05-Nov-18,"DeSoto, TX",150
Savers,02-Nov-18,"El Paso, TX",94
Star Shuttle,01-Nov-18,"San Antonio, TX",200
Coca Cola-Southwest Beverages,31-Oct-18,"Dallas, TX",97
"Neighbors Health, LLC.",29-Oct-18,"Houston, TX",56
Acme Brick-Round Rock,29-Oct-18,"Round Rock, TX",31
Acme Brick-Carrollton,29-Oct-18,"Carrollton, TX",42
Conduent,26-Oct-18,"Houston, TX",213
Siemens Energy Inc,25-Oct-18,"Houston, TX",200
Skinny IT,23-Oct-18,"Frisco, TX",8
Sears & Roebuck #01277 and #06409,18-Oct-18,"San Antonio, TX",89
"Del Monte Foods, Inc.",12-Oct-18,"Crystal City, TX",63
Alsco-Center Branch,09-Oct-18,"Houston, TX",145
Boeing - El Paso,03-Oct-18,"El Paso, TX",146
JP Morgan Chase & Co.-San Antonio,02-Oct-18,"San Antonio, TX",107
Austin American Statesman,28-Sep-18,"Austin, TX",25
Challenge Manufacturing-Lone Star Assembly Plant 6,26-Sep-18,"Irving, TX",89
Xome Realty Services,25-Sep-18,"Lewisville, TX",72
Ambit Management LLC,19-Sep-18,"Plano, TX",92
Boeing Company,14-Sep-18,"Houston, TX",1
JP Morgan Chase & Co.,13-Sep-18,"Houston, TX",102
Walmart #5324,12-Sep-18,"San Antonio, TX",77
102,05-Sep-18,"San Angelo, TX",69
LGSTX Distribution Services,05-Sep-18,"DFW Airport, TX",259
Boon Group,04-Sep-18,"Austin, TX",81
"Tribune Broadcasting Company, LLC-KDAF",01-Sep-18,"Dallas, TX",68
Tribune Broadcasting Co. - KIAH,01-Sep-18,"Houston, TX",52
Sears Auto Center #06577,24-Aug-18,"Houston, TX",11
Sears & Roebuck #01067,24-Aug-18,"Houston, TX",89
"ABM Aviation, Inc.",20-Aug-18,"DFW Airport, TX",600
Alsco-Blankenship Branch,09-Aug-18,"Houston, TX",120
XPO Logistics Supply Chain,09-Aug-18,"Coppell, TX",67
Williamson-Dickie,09-Aug-18,"Uvalde, TX",156
Inserso-Global Services Center,01-Aug-18,"San Antonio, TX",67
General Dynamics-CSRA,01-Aug-18,"Fort Hood, TX",77
Rexam Beverage Can,31-Jul-18,"Longview, TX",85
Argyle Security Group-,31-Jul-18,"San Antonio, TX",32
Rexam Beverage Can,31-Jul-18,"Longview, TX",85
"MV Transportation, Inc.-Austin",30-Jul-18,"Austin, TX",212
"ATP2, LLC-Financial Service Center",28-Jul-18,"Austin, TX",188
"ATP2, LLC-Financial Service Center",28-Jul-18,"Austin, TX",71
Capital One-Plano,26-Jul-18,"Plano, TX",286
"Atlassian, Inc.",26-Jul-18,"Austin, TX",101
Capital One-Plano,26-Jul-18,"Plano, TX",286
DaVita Rx,26-Jul-18,"Coppell, TX",869
"Atlassian, Inc.",26-Jul-18,"Austin, TX",101
Monogram Foods-Monogram Pet Treats,18-Jul-18,"Schulenburg, TX",84
Wellbridge Healthcare Plano,12-Jul-18,"Plano, TX",96
Wellbridge Healthcare San Marcos,12-Jul-18,"San Marcos, TX",61
Wellbridge Healthcare Ft. Worth,12-Jul-18,"Ft. Worth, TX",77
Koontz-Wagner,11-Jul-18,"Houston, TX",52
"Ricoh USA, Inc.",10-Jul-18,"Houston, TX",28
"Ricoh USA, Inc.-Nortwest Freeway",10-Jul-18,"Houston, TX",3
Stamford Memorial Hospital,06-Jul-18,"Stamford, TX",54
Packers Sanitation Services- Don Miguels Facility,06-Jul-18,"Dallas, TX",115
Walmart #474,20-Jun-18,"Edna, TX",88
Stamford Memorial Hospital,19-Jun-18,"Stamford, TX",29
"PPG Architectural Coastings Finishes, Inc.",18-Jun-18,"Houston, TX",52
"Account Control Technology, Inc.-Dallas",15-Jun-18,"Dallas, TX",100
"Account Control Technology, Inc.-San Angelo",15-Jun-18,"San Angelo, TX",72
"ECS Refining, Inc.",14-Jun-18,"Mesquite, TX",108
Baker Hughes-Schertz,06-Jun-18,"Schertz, TX",266
Kmart-Laredo,31-May-18,"Laredo, TX",79
Zachary Engineering Corp.,29-May-18,"Amarillo, TX",100
Boeing Company,18-May-18,"Houston, TX",1
"Restoration Hardware, Inc.",17-May-18,"Grand Prairie, TX",123
College Station Medical Center,16-May-18,"College Station, TX",80
College Station RHC Co. LLC,16-May-18,"Brenham, TX",88
Acuity Hospital of South TX,15-May-18,"San Antonio, TX",137
Bay Area Regional Medical Center,10-May-18,"Webster, TX",956
XTO Energy Inc.,09-May-18,"Ft. Worth, TX",1200
Trinity Steel Fabricators-Tomball,07-May-18,"Tomball, TX",158
Trinity Steel Fabricators-Corporate,07-May-18,"Houston, TX",20
"Genpact Mortgage Services, Inc.",04-May-18,"Richardson, TX",124
Aramark Campus Services-Texas Womans Univ.,04-May-18,"Denton, TX",110
KBR-Longview,03-May-18,"Longview, TX",229
Harman International,25-Apr-18,"Richardson, TX",17
Paramedics Plus,23-Apr-18,"Bellmead, TX",91
Arjo - Wetmore Rd,18-Apr-18,"San Antonio, TX",54
Boyd's Coffee,18-Apr-18,"Houston, TX",8
Arjo - Wetmore Rd,18-Apr-18,"San Antonio, TX",54
NRG Energy,17-Apr-18,"Houston, TX",8
Atlantic Coffee Solutions,16-Apr-18,"Houston, TX",279
Capital One Bank - Plano,11-Apr-18,"Plano, TX",102
Durham School Services-Justin,11-Apr-18,"Justin, TX",250
Vistra Energy- Dynegy Corporate Headquarters,11-Apr-18,"Houston, TX",308
Capital One Bank - Plano,11-Apr-18,"Plano, TX",102
Durham School Services-Justin,11-Apr-18,"Justin, TX",250
Vistra Energy- Dynegy Corporate Headquarters,11-Apr-18,"Houston, TX",308
Aramark Campus Services-Abilene Christian Univ.,09-Apr-18,"Abilene, TX",150
Aramark Facility Services-GM Arlington,05-Apr-18,"Arlington, TX",221
Borr Drilling Limited-Paragon Offshore Limited,05-Apr-18,"Houston, TX",66
"Baker Metal Products, Inc.",27-Mar-18,"Dallas, TX",44
Baker Metal Products-Merrell Rd.,27-Mar-18,"Dallas, TX",22
Baker Metal Products-Carrollton,27-Mar-18,"Carrollton, TX",11
Baker Metal Products-Willowbook,27-Mar-18,"Dallas, TX",2
"Baker Metal Products, Inc.",27-Mar-18,"Dallas, TX",44
Boyd's Coffee- San Antonio,23-Mar-18,"San Antonio, TX",2
Boyd's Coffee-Northlake,23-Mar-18,"Northlake, TX",1
"AT&T Communications, Inc.",22-Mar-18,"Houston, TX",117
Toys R Us -Distribution Center,15-Mar-18,"Midlothian, TX",137
NRG Energy,15-Mar-18,"Houston, TX",89
Bank of America-Amon Carter,27-Feb-18,"Ft. Worth, TX",87
"Jason Pharmaceuticals, Inc. dba Medifast",27-Feb-18,"Coppell, TX",66
"Arrow Electronics, Inc.-Dallas",23-Feb-18,"Dallas, TX",66
Capital One-Plano,22-Feb-18,"Plano, TX",103
Hart-Hanks-Texarkana,20-Feb-18,"Texarkana, TX",460
Jacobs Field Services NA- Celanese Pasadena,20-Feb-18,"Pasadena, TX",81
Nueterra-Cook Children's NE Hospital,19-Feb-18,"Hurst, TX",158
"Lufkin Industries, Inc. (GE Oil & Gas)-",16-Feb-18,"Lufkin, TX",78
Omni Hotels and Resorts,16-Feb-18,"Austin, TX",
Transamerica Life Insurance Co. - Plano,16-Feb-18,"Plano, TX",264
"Aptim Maintenance, LLC-Deer Park",16-Feb-18,"Deer Park, TX",327
"Brock Services, LLC-Celanese Clear Lake",16-Feb-18,"Pasadena, TX",88
"Brock Services, LLC-Celanese Bay City",16-Feb-18,"Bay City, TX",29
Harman International,16-Feb-18,"Richardson, TX",7
Jacobs Field Services NA-Celanese Bay City,14-Feb-18,"Bay City, TX",10
Jacobs Field Services NA-Celanese Bishop,14-Feb-18,"Bishop, TX",140
Cenveo Corp.-Ennis,13-Feb-18,"Ennis, TX",192
Jacobson Warehouse dba XPO Logistics Supply Chain,09-Feb-18,"Flower Mound, TX",58
Wells Fargo-San Antonio-Bankruptcy Group,07-Feb-18,"San Antonio, TX",73
"Aptim Maintenance, LLC-Gregory",01-Feb-18,"Gregory, TX",221
Academy Sports & Outdoors Headquarters,22-Jan-18,"Katy, TX",57
Northurp-Gruman Systems Corp.,18-Jan-18,"Fort Hood, TX",59
Success Partners-Plano,18-Jan-18,"Plano, TX",43
Success Parnters-Lake Dallas,18-Jan-18,"Lake Dallas, TX",15
Transcom Worldwide (US) Inc.,15-Jan-18,"San Antonio, TX",172
Dish Network-El Paso,12-Jan-18,"El Paso, TX",90
Maersk Oil Houston,12-Jan-18,"Houston, TX",84
Sam's Club #6416,11-Jan-18,"San Antonio, TX",163
Evolent Health,09-Jan-18,"Corpus Ch, TX",91
Sears Holdings - #01847,09-Jan-18,"Austin, TX",57
Sears Holdings - #02757,09-Jan-18,"Austin, TX",8
Aramark Facility Services-Valley Baptist Brownsville,04-Jan-18,"Brownsville, TX",50
"Ricoh USA, Inc.",03-Jan-18,"Houston, TX",150
"Parker School Uniforms, LLC",03-Jan-18,"Houston, TX",320
Assurant Mobile Solutions- BroadTech LLC,03-Jan-18,"Lewisville, TX",250
Aramark Facility Services- Valley Baptist Harlingen,29-Dec-17,"Harlingen, TX",160
Aramark Services-Baylor Scott & White,21-Dec-17,"Dallas, TX",105
Baylor Scott & White Medical Center,21-Dec-17,"Dallas, TX",711
Boeing Company,21-Dec-17,"Houston, TX",1
Noble Americas Corp.,13-Dec-17,"Houston, TX",67
AT&T - Dallas,14-Dec-17,"Dallas, TX",280
Harman International,19-Dec-17,"Richardson, TX",12
Lectrus Corporation,07-Dec-17,"Houston, TX",64
Crothall Healthcare-Bay Area Medical Center,06-Dec-17,"Webster, TX",94
Harden Pharmacy dba MBS Pharmacy-Ft. Worth,08-Dec-17,"Ft. Worth, TX",48
Harden Pharmacy dba MBS Pharmacy-Round Rock,08-Dec-17,"Round Rock, TX",92
Eaton Crouse-Hinds Division,20-Nov-17,"Houston, TX",52
Southstar LLC - Kroger Facility,17-Nov-17,"Keller, TX",690
Harman International,17-Nov-17,"Richardson, TX",6
Luminant Generation-Three Oaks Mine,15-Nov-17,"Elgin, TX",255
"Restoration Hardware, Inc.",13-Nov-17,"Grand Prairie, TX",54
Luminant Generation-Shadow Plant Unit 4 & 5,10-Nov-17,"Rockdale, TX",135
Luminant Generation Co. LLC,10-Nov-17,"Mount Pleasant, TX",192
CGI Federal Inc.,10-Nov-17,"San Antonio, TX",169
"Aptim Maintenance, LLC",08-Nov-17,"Texas City, TX",103
Capital One-Plano,08-Nov-17,"Plano, TX",768
Zenith Education Group - Houston,03-Nov-17,"Houston, TX",34
Zenith Education Group-Ft Worth,03-Nov-17,"Ft. Worth, TX",31
Zenith Education Group - Arlington,03-Nov-17,"Arlington, TX",30
East Houston Regional Medical Center,03-Nov-17,"Houston, TX",479
Zenith Education Group - Austin,03-Nov-17,"Austin, TX",28
Zenith Education Group - San Antonio,03-Nov-17,"San Antonio, TX",29
Overwatch Systems dba Textron Systems Advanced Information Solutions,02-Nov-17,"Austin, TX",46
Walmart #6589,02-Nov-17,"San Antonio, TX",67
"Dayton Superior, Inc. - New Braunfels",02-Nov-17,"New Braunfels, TX",90
"Clearwater Research, Inc.",27-Oct-17,"San Marcos, TX",2
PharMerica-#8888 Arlington Central Pharmacy,27-Oct-17,"Arlington, TX",20
PharMerica-#8840 Dallas-LTACH,27-Oct-17,"Dallas, TX",10
PharMerica-#8610 Dallas-KHPS,27-Oct-17,"Dallas, TX",10
First Data - Sugar Land,27-Oct-17,"Sugar Land, TX",406
PharMerica-#8649 Arlington KHPS,27-Oct-17,"Arlington, TX",2
"Cornbread Ventures, LP - Ztejas",23-Oct-17,"Austin, TX",24
Aramark-Aero Café,20-Oct-17,"Ft. Worth, TX",56
"BrandFX, LLC",19-Oct-17,"Ft. Worth, TX",60
Harman International,18-Oct-17,"Richardson, TX",39
National Lloyds-American Summit - NLASCO Services,06-Oct-17,"Waco, TX",78
L&W Group-Arlington Stamping,05-Oct-17,"Grand Prairie, TX",119
Atwood Oceanics Management,05-Oct-17,"Houston, TX",79
Kmart #9325,03-Oct-17,"El Paso, TX",67
Freeport-McMoRan Oil & Gas,02-Oct-17,"Houston, TX",1
Associated Air Center,29-Sep-17,"Dallas, TX",169
NRG Energy,27-Sep-17,"Houston, TX",84
M&G Resins USA LLC dba M&G Chemicals,25-Sep-17,"Corpus Ch, TX",100
Convergy's- Lubbock,25-Sep-17,"Lubbock, TX",406
"CB&I, Inc. - 850 Pine Street",22-Sep-17,"Beaumont, TX",455
Lakeside Country Club,21-Sep-17,"Houston, TX",148
Boeing Company,18-Sep-17,"Houston, TX",3
Harman International,15-Sep-17,"Richardson, TX",25
Fluor Enterprises-M&G Jumbo Project,15-Sep-17,"Corpus Ch, TX",274
AT&T-El Paso,13-Sep-17,"El Paso, TX",299
Palestine Regional Medical Center,11-Sep-17,"Palestine, TX",38
Palestin Regional Medical,11-Sep-17,"Palestine, TX",13
Freeport-McMoRan Oil & Gas,06-Sep-17,"Houston, TX",1
"Novitex Enterprise Solutions, Inc.",05-Sep-17,"Round Rock, TX",86
"Oracle America, Inc.",01-Sep-17,"Austin, TX",108
Superior Foods,25-Aug-17,"McAllen, TX",118
Color Spot Nurseries-Richmond,18-Aug-17,"Richmond, TX",142
Cheddar's Scratch Kitchen,14-Aug-17,"Irving, TX",69
Sunoco LP - Stripes LLC,14-Aug-17,"Corpus Ch, TX",110
M2 Services-Ft Hood,08-Aug-17,"Fort Hood, TX",101
Capital One-Beaumont,07-Aug-17,"Beaumont, TX",47
Rowan Companies,07-Aug-17,"Houston, TX",85
DSC Logistics Inc.-Dallas,07-Aug-17,"Dallas, TX",75
Andeavor,02-Aug-17,"San Antonio, TX",15
Harman International,01-Aug-17,"Richardson, TX",140
Samson Lone Star Facility,01-Aug-17,"Longview, TX",60
Snap Kitchen- Triangle Ave.,01-Aug-17,"Austin, TX",42
Snap Kitchen-Bee Cave Rd.,01-Aug-17,"Austin, TX",23
Snap Kitchen-Fountain View,01-Aug-17,"Houston, TX",84
Snap Kitchen-Kirby Dr.,01-Aug-17,"Houston, TX",17
Freeport-McMoRan Oil & Gas,01-Aug-17,"Houston, TX",5
24-7 Intouch,01-Aug-17,"Frisco, TX",200
"Aramark Sports and Entertainment Services of TX, LLC",31-Jul-17,"Houston, TX",166
Aramark-Wortham Theater,31-Jul-17,"Houston, TX",3
Aramark-Jones Hall,31-Jul-17,"Houston, TX",2
Aramark-Miller Theater,28-Jul-17,"Houston, TX",4
Albertsons #3571,27-Jul-17,"Ft. Worth, TX",61
"Xylem, Inc.",26-Jul-17,"Dallas, TX",85
TeleTech -Richardson,25-Jul-17,"Richardson, TX",358
Kindred Hospital-White Rock,24-Jul-17,"Dallas, TX",79
"BeautiControl, Inc.",20-Jul-17,"Carrollton, TX",77
"BeautiControl, Inc-Plano Pkwy",20-Jul-17,"Carrollton, TX",64
Convergy's- Lubbock,19-Jul-17,"Lubbock, TX",86
"Always Fresh, Inc.",19-Jul-17,"Fort Worth, TX",9
"Associated Wholesale Grocers, Inc.",19-Jul-17,"Ft. Worth, TX",199
Aramark - Brownsville,14-Jul-17,"Brownsville, TX",43
Aramark Corp,14-Jul-17,"Harlingen, TX",80
Walter Investment Management Corp-Dietech Financial-Irving,12-Jul-17,"Irving, TX",437
WestRock,11-Jul-17,"Waxahachie, TX",145
CoreCivic-Lindsay State Jail,06-Jul-17,"Jacksboro, TX",169
CoreCivic-Willacy State Jail,03-Jul-17,"Raymondville, TX",157
CoreCivic-Bradshaw State,03-Jul-17,"Henderson, TX",192
Freeport-McMoRan Oil & Gas,01-Jul-17,"Houston, TX",25
Dollar Express-#4406,30-Jun-17,"El Paso, TX",7
Boeing Company,30-Jun-17,"Houston, TX",3
Corix Utility Services,23-Jun-17,"Austin, TX",49
Sears Holdings - #06197,22-Jun-17,"Houston, TX",8
Sears Holdings - #06899,22-Jun-17,"Friendswood, TX",8
Sears Holdings -#01197,22-Jun-17,"Houston, TX",96
Sears Holdings-#01257,22-Jun-17,"Friendswood, TX",69
Ignite Restaurant Group,22-Jun-17,"Houston, TX",87
Hyatt Corp dba Trvaasa Austin,20-Jun-17,"Austin, TX",114
Rowan Companies,20-Jun-17,"Houston, TX",50
"Brock Services, LLC - TX Eastman",15-Jun-17,"Longview, TX",226
GE Manufacturing Services - GEMS,15-Jun-17,"Ft. Worth, TX",19
XTO Energy Inc.,02-Jun-17,"Ft. Worth, TX",67
XTO Energy Inc.,02-Jun-17,"Ft. Worth, TX",67
Freeport-McMoRan Oil & Gas,01-Jun-17,"Houston, TX",26
East Texas Medical Center- Trinity,31-May-17,"Trinity, TX",60
Boeing Company,29-May-17,"Houston, TX",2
Kellogg Co. - Houston Distribution Center,26-May-17,"Houston, TX",220
Kellogg Co. - Dallas Distribution Center,26-May-17,"Ft. Worth, TX",201
Rowan Companies,24-May-17,"Houston, TX",100
Macy's-Temple,23-May-17,"Temple, TX",56
Aramark-Univ. of Houston,23-May-17,"Houston, TX",407
Color Spot Nurseries - Sanger,22-May-17,"Sanger, TX",65
Randalls-Houston Distribution Center,16-May-17,"Houston, TX",199
Randalls-Houston Division,16-May-17,"Houston, TX",134
"Delek US Holdings, Inc.-Alon USA Energy, Inc.",15-May-17,"Dallas, TX",92
LifeCare Hospitals of S. TX-N. Jackson,12-May-17,"McAllen, TX",166
LifeCare Hospitals of S. TX-South M St.,12-May-17,"McAllen, TX",39
Leggett & Platt-Dallas,12-May-17,"Dallas, TX",59
"Trelleborg Offshore US, Inc.-Rankin Road",11-May-17,"Houston, TX",60
Ingram Micro-Touchstone Wireless Repair and Logistics,10-May-17,"Ft. Worth, TX",140
Capitol Wright Dist-New Braunfels Facility,05-May-17,"New Braunfels, TX",79
Capitol Wright Dist - Bastrop Facility,05-May-17,"Bastrop, TX",63
Maximus-Austin,01-May-17,"Austin, TX",88
Triumph Southwest LP dba Kindred Hospital Town & Country,28-Apr-17,"Houston, TX",133
Freeport-McMoRan Oil & Gas,28-Apr-17,"Houston, TX",25
"Zachry Industrial, Inc-Phillips 66-Sweeny Refinery",28-Apr-17,"Old Ocean, TX",204
"World Wide Technology, Inc.",27-Apr-17,"Lewisville, TX",156
Boeing Company,25-Apr-17,"Houston, TX",1
CoreCivic-Bartlett State Jail,25-Apr-17,"Bartlett, TX",181
"United Group Service, Inc. (Pinnacle Partner Solutions",24-Apr-17,"Lake Dallas, TX",12
Management & Training Corp-West TX Intermediate Sanction Facility,21-Apr-17,"Brownfield, TX",64
Management & Training Corp-Bridgeport,21-Apr-17,"Bridgeport, TX",41
DaVita Rx,19-Apr-17,"Coppell, TX",7
The Houston City Club,11-Apr-17,"Houston, TX",128
Freeport-McMoRan Oil & Gas,06-Apr-17,"Houston, TX",24
Dollar Express - #5276,03-Apr-17,"El Paso, TX",5
"Orange Lake Country Club, Inc.-North Richland Hills Call Center",03-Apr-17,"Richland Hills, TX",60
Dollar Express-Brownsville,30-Mar-17,"Brownsville, TX",7
Dollar Express-Eagle Pass,30-Mar-17,"Eagle Pass, TX",8
Dollar Express-#4847,30-Mar-17,"Ft. Worth, TX",7
Dollar Express-Lubbock,30-Mar-17,"Lubbock, TX",5
Dollar Express - #4720,30-Mar-17,"El Paso, TX",8
Dollar Express - #7347,30-Mar-17,"Houston, TX",8
Dollar Express-Beaumont,30-Mar-17,"Beaumont, TX",6
Dollar Express-#1758.,30-Mar-17,"San Antonio, TX",5
Dollar Express - #8701,30-Mar-17,"Houston, TX",8
Dollar Express #1818,30-Mar-17,"San Antonio, TX",13
Dollar Express- Corpus Christi,30-Mar-17,"Corpus Ch, TX",9
Dollar Express-Dallas,30-Mar-17,"Dallas, TX",9
Dollar Express-Balch Springs,30-Mar-17,"Balch Springs, TX",7
Dollar Express - #11578,30-Mar-17,"Ft. Worth, TX",5
Dollar Express -Odessa,30-Mar-17,"Odessa, TX",7
Dollar Express - #4608,30-Mar-17,"Houston, TX",8
Dollar Express-#2333,30-Mar-17,"Houston, TX",7
Dollar Express-Pasadena,30-Mar-17,"Pasadena, TX",6
General Dynamics IT-Waco,30-Mar-17,"Waco, TX",840
Dollar Express-#4624,30-Mar-17,"Houston, TX",8
Dollar Express-Arlington,30-Mar-17,"Arlington, TX",9
DynCorp Technical Services LLC-Ellington Field,29-Mar-17,"Houston, TX",156
Camelot Education-Beechnut Acadeny,28-Mar-17,"Austin, TX",71
Aramark-Southern Methodist Univ.,27-Mar-17,"Dallas, TX",159
bebe Stores-Houston Premium Outlets,24-Mar-17,"Cypress, TX",17
bebe Stores -Baybrook Mall,24-Mar-17,"Friendswood, TX",8
bebe Stores Houston Galleria,24-Mar-17,"Houston, TX",24
Radio Shack Corporation,24-Mar-17,"Ft. Worth, TX",150
bebe Stores - Willowbrook Mall,24-Mar-17,"Houston, TX",10
Marriott Hotel Services,22-Mar-17,"Irving, TX",240
Noble Energy - CWEI,08-Mar-17,"Midland, TX",123
Freeport-McMoRan Oil & Gas,03-Mar-17,"Houston, TX",20
BCFS Health and Human Services-National Call Center,03-Mar-17,"San Antonio, TX",95
CoreCivic-Edna Detention Center,02-Mar-17,"Eden, TX",270
Whole Foods Market-Bolm Rd.,02-Mar-17,"Austin, TX",40
Cempra Pharmaceuticals-San Antonio,27-Feb-17,"San Antonio, TX",1
Cempra Pharmaceuticals - Colleyville,27-Feb-17,"Colleyville, TX",1
Cempra Pharmaceuticals - Flower Mound,27-Feb-17,"Flower Mound, TX",1
Cempra Pharmaceuticals - Houston,27-Feb-17,"Houston, TX",1
Pentair Thermal Management,21-Feb-17,"Houston, TX",51
Gulf Marine Fabricators - Aransas Pass,21-Feb-17,"Aransas Pass, TX",19
Skyline Homette Corporation,14-Feb-17,"Mansfield, TX",
Boeing Company,10-Feb-17,"Houston, TX",1
Forex Capital Markets LLC-FXCM Global Services,10-Feb-17,"Plano, TX",56
Teleperformance USA - Abilene2,10-Feb-17,"Abilene, TX",274
Chi St. Luke's Health-Conroe,09-Feb-17,"Conroe, TX",26
Chi St. Luke's Health-Woodlands,09-Feb-17,"Woodlands, TX",29
Chi St. Luke's Health-The Woodlands,09-Feb-17,"The Woodlands, TX",27
Chi St. Luke's Health-Woodlands,06-Feb-17,"Woodlands, TX",7
Anadarko Petroleum - Carrizo Springs,03-Feb-17,"Carrizo Springs, TX",85
Aramark Corp,03-Feb-17,"Harlingen, TX",45
Fidelity Investments-Grapevine,03-Feb-17,"Grapevine, TX",98
GE Manufacturing Services - GEMS,01-Feb-17,"Ft. Worth, TX",208
Endurance International Group,31-Jan-17,"Austin, TX",90
Freeport-McMoRan Oil & Gas,31-Jan-17,"Houston, TX",36
Penske Vehicle Services-Austin,30-Jan-17,"Austin, TX",2
Penske Vehicle Services,30-Jan-17,"Irving, TX",4
Maximus-Irving,29-Jan-17,"Irving, TX",56
Mission Solar Energy,27-Jan-17,"San Antonio, TX",170
Atwood Oceanics Management,27-Jan-17,"Houston, TX",60
AT&T- Support Services-Attsco,27-Jan-17,"Richardson, TX",54
Qualfon,27-Jan-17,"Harlingen, TX",58
Aramark - Brownsville,26-Jan-17,"Brownsville, TX",19
CSM Bakery Products,25-Jan-17,"Sugar Land, TX",147
Transocean Offshore Deepwater Drilling-Deepwater Asgard,25-Jan-17,"Houston, TX",110
Maxim Integrated-Dallas Alamo,20-Jan-17,"Dallas, TX",107
Red River Army Depot-Texarkana,20-Jan-17,"Texarkana, TX",62
"University General Hospital, LLC dba Foundation Surgical Hospital",17-Jan-17,"Houston, TX",252
Convergys Corporation,17-Jan-17,"Laredo, TX",285
Baptist Hospitals of SE TX,13-Jan-17,"Orange, TX",18
Transocean Offshore Deepwater Drilling-Development Driller III,12-Jan-17,"Houston, TX",80
Albertsons #4193,11-Jan-17,"Watauga, TX",73
"Swift Energy Operating, LLC",10-Jan-17,"Houston, TX",56
"Security Specialists, Inc.",10-Jan-17,"Ft. Worth, TX",89
MD Anderson Cancer Center-Michale E. Keeling Center,05-Jan-17,"Bastrop, TX",5
MD Anderson Cancer Center- Virginia Harris Cockrell Center,05-Jan-17,"Smithville, TX",2
CompuCom-Plano,04-Jan-17,"Plano, TX",144
Macy's-Collin Creek Mall,04-Jan-17,"Plano, TX",119
Macy's-Pasadena,04-Jan-17,"Pasadena, TX",83
Macy's - West Oaks Mall,04-Jan-17,"Houston, TX",144
Macy's - El Paso,04-Jan-17,"El Paso, TX",83
